image_path,item_id,source_dataset,license,category,subcategory,brand,caption,split
deepfashion_category/img/1981_Graphic_Ringer_Tee/img_00000001.jpg,deepfashion-59d35afc20527eef,deepfashion_actual_images,non_commercial_research_only_deepfashion,t-shirt,1981 Graphic Ringer Tee,,DeepFashion t-shirt: 1981 Graphic Ringer Tee.,
deepfashion_category/img/1981_Graphic_Ringer_Tee/img_00000002.jpg,deepfashion-ef6b1ec05aa85d09,deepfashion_actual_images,non_commercial_research_only_deepfashion,t-shirt,1981 Graphic Ringer Tee,,DeepFashion t-shirt: 1981 Graphic Ringer Tee.,
deepfashion_category/img/1981_Graphic_Ringer_Tee/img_00000003.jpg,deepfashion-e705411d201c5a71,deepfashion_actual_images,non_commercial_research_only_deepfashion,t-shirt,1981 Graphic Ringer Tee,,DeepFashion t-shirt: 1981 Graphic Ringer Tee.,
deepfashion_category/img/1981_Graphic_Ringer_Tee/img_00000004.jpg,deepfashion-7c2f476f74c3adb9,deepfashion_actual_images,non_commercial_research_only_deepfashion,t-shirt,1981 Graphic Ringer Tee,,DeepFashion t-shirt: 1981 Graphic Ringer Tee.,
deepfashion_category/img/1981_Graphic_Ringer_Tee/img_00000005.jpg,deepfashion-f74394e6fbcdeb1d,deepfashion_actual_images,non_commercial_research_only_deepfashion,t-shirt,1981 Graphic Ringer Tee,,DeepFashion t-shirt: 1981 Graphic Ringer Tee.,
deepfashion_category/img/1981_Graphic_Ringer_Tee/img_00000007.jpg,deepfashion-f6d3ad135070323e,deepfashion_actual_images,non_commercial_research_only_deepfashion,t-shirt,1981 Graphic Ringer Tee,,DeepFashion t-shirt: 1981 Graphic Ringer Tee.,
deepfashion_category/img/1981_Graphic_Ringer_Tee/img_00000008.jpg,deepfashion-052b1240fe832eb9,deepfashion_actual_images,non_commercial_research_only_deepfashion,t-shirt,1981 Graphic Ringer Tee,,DeepFashion t-shirt: 1981 Graphic Ringer Tee.,
deepfashion_category/img/1981_Graphic_Ringer_Tee/img_00000009.jpg,deepfashion-da0e2578585878c9,deepfashion_actual_images,non_commercial_research_only_deepfashion,t-shirt,1981 Graphic Ringer Tee,,DeepFashion t-shirt: 1981 Graphic Ringer Tee.,
deepfashion_category/img/1981_Graphic_Ringer_Tee/img_00000010.jpg,deepfashion-918f448695c8e7fa,deepfashion_actual_images,non_commercial_research_only_deepfashion,t-shirt,1981 Graphic Ringer Tee,,DeepFashion t-shirt: 1981 Graphic Ringer Tee.,
deepfashion_category/img/1981_Graphic_Ringer_Tee/img_00000011.jpg,deepfashion-69fd81d5e71724ed,deepfashion_actual_images,non_commercial_research_only_deepfashion,t-shirt,1981 Graphic Ringer Tee,,DeepFashion t-shirt: 1981 Graphic Ringer Tee.,
deepfashion_category/img/1981_Graphic_Ringer_Tee/img_00000012.jpg,deepfashion-363a30e814f1f3ab,deepfashion_actual_images,non_commercial_research_only_deepfashion,t-shirt,1981 Graphic Ringer Tee,,DeepFashion t-shirt: 1981 Graphic Ringer Tee.,
deepfashion_category/img/1981_Graphic_Ringer_Tee/img_00000013.jpg,deepfashion-a1efb98aab58a0f4,deepfashion_actual_images,non_commercial_research_only_deepfashion,t-shirt,1981 Graphic Ringer Tee,,DeepFashion t-shirt: 1981 Graphic Ringer Tee.,
deepfashion_category/img/1981_Graphic_Ringer_Tee/img_00000014.jpg,deepfashion-6c90997fb5eced49,deepfashion_actual_images,non_commercial_research_only_deepfashion,t-shirt,1981 Graphic Ringer Tee,,DeepFashion t-shirt: 1981 Graphic Ringer Tee.,
deepfashion_category/img/1981_Graphic_Ringer_Tee/img_00000015.jpg,deepfashion-bf73a738259c003f,deepfashion_actual_images,non_commercial_research_only_deepfashion,t-shirt,1981 Graphic Ringer Tee,,DeepFashion t-shirt: 1981 Graphic Ringer Tee.,
deepfashion_category/img/1981_Graphic_Ringer_Tee/img_00000016.jpg,deepfashion-71d9da46163e0727,deepfashion_actual_images,non_commercial_research_only_deepfashion,t-shirt,1981 Graphic Ringer Tee,,DeepFashion t-shirt: 1981 Graphic Ringer Tee.,
deepfashion_category/img/1981_Graphic_Ringer_Tee/img_00000017.jpg,deepfashion-c074f076ba297d61,deepfashion_actual_images,non_commercial_research_only_deepfashion,t-shirt,1981 Graphic Ringer Tee,,DeepFashion t-shirt: 1981 Graphic Ringer Tee.,
deepfashion_category/img/1981_Graphic_Ringer_Tee/img_00000018.jpg,deepfashion-290bd66caf6eedf8,deepfashion_actual_images,non_commercial_research_only_deepfashion,t-shirt,1981 Graphic Ringer Tee,,DeepFashion t-shirt: 1981 Graphic Ringer Tee.,
deepfashion_category/img/1981_Graphic_Ringer_Tee/img_00000019.jpg,deepfashion-ffe660b60df04928,deepfashion_actual_images,non_commercial_research_only_deepfashion,t-shirt,1981 Graphic Ringer Tee,,DeepFashion t-shirt: 1981 Graphic Ringer Tee.,
deepfashion_category/img/1981_Graphic_Ringer_Tee/img_00000020.jpg,deepfashion-03fcc830e412b449,deepfashion_actual_images,non_commercial_research_only_deepfashion,t-shirt,1981 Graphic Ringer Tee,,DeepFashion t-shirt: 1981 Graphic Ringer Tee.,
deepfashion_category/img/1981_Graphic_Ringer_Tee/img_00000021.jpg,deepfashion-71d5388ef1659ff7,deepfashion_actual_images,non_commercial_research_only_deepfashion,t-shirt,1981 Graphic Ringer Tee,,DeepFashion t-shirt: 1981 Graphic Ringer Tee.,
deepfashion_category/img/1981_Graphic_Ringer_Tee/img_00000022.jpg,deepfashion-f74a148d83a71a54,deepfashion_actual_images,non_commercial_research_only_deepfashion,t-shirt,1981 Graphic Ringer Tee,,DeepFashion t-shirt: 1981 Graphic Ringer Tee.,
deepfashion_category/img/1981_Graphic_Ringer_Tee/img_00000023.jpg,deepfashion-dc1ced88835ff9c4,deepfashion_actual_images,non_commercial_research_only_deepfashion,t-shirt,1981 Graphic Ringer Tee,,DeepFashion t-shirt: 1981 Graphic Ringer Tee.,
deepfashion_category/img/1981_Graphic_Ringer_Tee/img_00000024.jpg,deepfashion-7e46cc8b6b1df08b,deepfashion_actual_images,non_commercial_research_only_deepfashion,t-shirt,1981 Graphic Ringer Tee,,DeepFashion t-shirt: 1981 Graphic Ringer Tee.,
deepfashion_category/img/1981_Graphic_Ringer_Tee/img_00000025.jpg,deepfashion-f9e79f693e74f354,deepfashion_actual_images,non_commercial_research_only_deepfashion,t-shirt,1981 Graphic Ringer Tee,,DeepFashion t-shirt: 1981 Graphic Ringer Tee.,
deepfashion_category/img/1981_Graphic_Ringer_Tee/img_00000026.jpg,deepfashion-aa001b96d521c156,deepfashion_actual_images,non_commercial_research_only_deepfashion,t-shirt,1981 Graphic Ringer Tee,,DeepFashion t-shirt: 1981 Graphic Ringer Tee.,
deepfashion_category/img/1981_Graphic_Ringer_Tee/img_00000027.jpg,deepfashion-84ccc3f0d57b667c,deepfashion_actual_images,non_commercial_research_only_deepfashion,t-shirt,1981 Graphic Ringer Tee,,DeepFashion t-shirt: 1981 Graphic Ringer Tee.,
deepfashion_category/img/1981_Graphic_Ringer_Tee/img_00000028.jpg,deepfashion-159d0e68d82b6bf6,deepfashion_actual_images,non_commercial_research_only_deepfashion,t-shirt,1981 Graphic Ringer Tee,,DeepFashion t-shirt: 1981 Graphic Ringer Tee.,
deepfashion_category/img/1981_Graphic_Ringer_Tee/img_00000029.jpg,deepfashion-92e653e5079c3dc1,deepfashion_actual_images,non_commercial_research_only_deepfashion,t-shirt,1981 Graphic Ringer Tee,,DeepFashion t-shirt: 1981 Graphic Ringer Tee.,
deepfashion_category/img/1981_Graphic_Ringer_Tee/img_00000030.jpg,deepfashion-740f95f9d3c3fb64,deepfashion_actual_images,non_commercial_research_only_deepfashion,t-shirt,1981 Graphic Ringer Tee,,DeepFashion t-shirt: 1981 Graphic Ringer Tee.,
deepfashion_category/img/1981_Graphic_Ringer_Tee/img_00000031.jpg,deepfashion-22835b05f73172d0,deepfashion_actual_images,non_commercial_research_only_deepfashion,t-shirt,1981 Graphic Ringer Tee,,DeepFashion t-shirt: 1981 Graphic Ringer Tee.,
deepfashion_category/img/1981_Graphic_Ringer_Tee/img_00000032.jpg,deepfashion-f1e4b49755e460e6,deepfashion_actual_images,non_commercial_research_only_deepfashion,t-shirt,1981 Graphic Ringer Tee,,DeepFashion t-shirt: 1981 Graphic Ringer Tee.,
deepfashion_category/img/1981_Graphic_Ringer_Tee/img_00000033.jpg,deepfashion-b8aed88febd27c66,deepfashion_actual_images,non_commercial_research_only_deepfashion,t-shirt,1981 Graphic Ringer Tee,,DeepFashion t-shirt: 1981 Graphic Ringer Tee.,
deepfashion_category/img/1981_Graphic_Ringer_Tee/img_00000034.jpg,deepfashion-dcf1fe93917c51f6,deepfashion_actual_images,non_commercial_research_only_deepfashion,t-shirt,1981 Graphic Ringer Tee,,DeepFashion t-shirt: 1981 Graphic Ringer Tee.,
deepfashion_category/img/1981_Graphic_Ringer_Tee/img_00000035.jpg,deepfashion-622d4ce0939df837,deepfashion_actual_images,non_commercial_research_only_deepfashion,t-shirt,1981 Graphic Ringer Tee,,DeepFashion t-shirt: 1981 Graphic Ringer Tee.,
deepfashion_category/img/1981_Graphic_Ringer_Tee/img_00000036.jpg,deepfashion-9dce397c19a6ae67,deepfashion_actual_images,non_commercial_research_only_deepfashion,t-shirt,1981 Graphic Ringer Tee,,DeepFashion t-shirt: 1981 Graphic Ringer Tee.,
deepfashion_category/img/1981_Graphic_Ringer_Tee/img_00000037.jpg,deepfashion-c3bd07ca533a0985,deepfashion_actual_images,non_commercial_research_only_deepfashion,t-shirt,1981 Graphic Ringer Tee,,DeepFashion t-shirt: 1981 Graphic Ringer Tee.,
deepfashion_category/img/1981_Graphic_Ringer_Tee/img_00000038.jpg,deepfashion-2a6172341e9c071f,deepfashion_actual_images,non_commercial_research_only_deepfashion,t-shirt,1981 Graphic Ringer Tee,,DeepFashion t-shirt: 1981 Graphic Ringer Tee.,
deepfashion_category/img/1981_Graphic_Ringer_Tee/img_00000039.jpg,deepfashion-f21333ed46cd86c9,deepfashion_actual_images,non_commercial_research_only_deepfashion,t-shirt,1981 Graphic Ringer Tee,,DeepFashion t-shirt: 1981 Graphic Ringer Tee.,
deepfashion_category/img/1981_Graphic_Ringer_Tee/img_00000040.jpg,deepfashion-b832246d873785d0,deepfashion_actual_images,non_commercial_research_only_deepfashion,t-shirt,1981 Graphic Ringer Tee,,DeepFashion t-shirt: 1981 Graphic Ringer Tee.,
deepfashion_category/img/1981_Graphic_Ringer_Tee/img_00000041.jpg,deepfashion-3c9dfaf23ca8577b,deepfashion_actual_images,non_commercial_research_only_deepfashion,t-shirt,1981 Graphic Ringer Tee,,DeepFashion t-shirt: 1981 Graphic Ringer Tee.,
deepfashion_category/img/1981_Graphic_Ringer_Tee/img_00000042.jpg,deepfashion-e51b79a852e8f4fd,deepfashion_actual_images,non_commercial_research_only_deepfashion,t-shirt,1981 Graphic Ringer Tee,,DeepFashion t-shirt: 1981 Graphic Ringer Tee.,
deepfashion_category/img/1981_Graphic_Ringer_Tee/img_00000043.jpg,deepfashion-17379ddb29dc9164,deepfashion_actual_images,non_commercial_research_only_deepfashion,t-shirt,1981 Graphic Ringer Tee,,DeepFashion t-shirt: 1981 Graphic Ringer Tee.,
deepfashion_category/img/1981_Graphic_Ringer_Tee/img_00000044.jpg,deepfashion-96024ccf5e4ae0dc,deepfashion_actual_images,non_commercial_research_only_deepfashion,t-shirt,1981 Graphic Ringer Tee,,DeepFashion t-shirt: 1981 Graphic Ringer Tee.,
deepfashion_category/img/1981_Graphic_Ringer_Tee/img_00000045.jpg,deepfashion-10fcc9287f1040d5,deepfashion_actual_images,non_commercial_research_only_deepfashion,t-shirt,1981 Graphic Ringer Tee,,DeepFashion t-shirt: 1981 Graphic Ringer Tee.,
deepfashion_category/img/1981_Graphic_Ringer_Tee/img_00000046.jpg,deepfashion-f47ec2a622c444ff,deepfashion_actual_images,non_commercial_research_only_deepfashion,t-shirt,1981 Graphic Ringer Tee,,DeepFashion t-shirt: 1981 Graphic Ringer Tee.,
deepfashion_category/img/1981_Graphic_Ringer_Tee/img_00000047.jpg,deepfashion-faa0c98838684ad4,deepfashion_actual_images,non_commercial_research_only_deepfashion,t-shirt,1981 Graphic Ringer Tee,,DeepFashion t-shirt: 1981 Graphic Ringer Tee.,
deepfashion_category/img/2-in-1_Space_Dye_Athletic_Tank/img_00000001.jpg,deepfashion-7815a11da84e92a8,deepfashion_actual_images,non_commercial_research_only_deepfashion,top,2 in 1 Space Dye Athletic Tank,,DeepFashion top: 2 in 1 Space Dye Athletic Tank.,
deepfashion_category/img/2-in-1_Space_Dye_Athletic_Tank/img_00000002.jpg,deepfashion-3515db69447d2293,deepfashion_actual_images,non_commercial_research_only_deepfashion,top,2 in 1 Space Dye Athletic Tank,,DeepFashion top: 2 in 1 Space Dye Athletic Tank.,
deepfashion_category/img/2-in-1_Space_Dye_Athletic_Tank/img_00000003.jpg,deepfashion-030595789caccaae,deepfashion_actual_images,non_commercial_research_only_deepfashion,top,2 in 1 Space Dye Athletic Tank,,DeepFashion top: 2 in 1 Space Dye Athletic Tank.,
deepfashion_category/img/2-in-1_Space_Dye_Athletic_Tank/img_00000004.jpg,deepfashion-264b9851daa241b2,deepfashion_actual_images,non_commercial_research_only_deepfashion,top,2 in 1 Space Dye Athletic Tank,,DeepFashion top: 2 in 1 Space Dye Athletic Tank.,
deepfashion_category/img/2-in-1_Space_Dye_Athletic_Tank/img_00000005.jpg,deepfashion-435262e818da5054,deepfashion_actual_images,non_commercial_research_only_deepfashion,top,2 in 1 Space Dye Athletic Tank,,DeepFashion top: 2 in 1 Space Dye Athletic Tank.,
deepfashion_category/img/2-in-1_Space_Dye_Athletic_Tank/img_00000006.jpg,deepfashion-508e0d211d3997da,deepfashion_actual_images,non_commercial_research_only_deepfashion,top,2 in 1 Space Dye Athletic Tank,,DeepFashion top: 2 in 1 Space Dye Athletic Tank.,
deepfashion_category/img/2-in-1_Space_Dye_Athletic_Tank/img_00000007.jpg,deepfashion-80449ce02c217ed1,deepfashion_actual_images,non_commercial_research_only_deepfashion,top,2 in 1 Space Dye Athletic Tank,,DeepFashion top: 2 in 1 Space Dye Athletic Tank.,
deepfashion_category/img/2-in-1_Space_Dye_Athletic_Tank/img_00000008.jpg,deepfashion-989731de71f19edc,deepfashion_actual_images,non_commercial_research_only_deepfashion,top,2 in 1 Space Dye Athletic Tank,,DeepFashion top: 2 in 1 Space Dye Athletic Tank.,
deepfashion_category/img/2-in-1_Space_Dye_Athletic_Tank/img_00000009.jpg,deepfashion-b06b8d7552f51bc8,deepfashion_actual_images,non_commercial_research_only_deepfashion,top,2 in 1 Space Dye Athletic Tank,,DeepFashion top: 2 in 1 Space Dye Athletic Tank.,
deepfashion_category/img/2-in-1_Space_Dye_Athletic_Tank/img_00000010.jpg,deepfashion-f886863636b7b111,deepfashion_actual_images,non_commercial_research_only_deepfashion,top,2 in 1 Space Dye Athletic Tank,,DeepFashion top: 2 in 1 Space Dye Athletic Tank.,
deepfashion_category/img/2-in-1_Space_Dye_Athletic_Tank/img_00000011.jpg,deepfashion-04f8dd4944c96106,deepfashion_actual_images,non_commercial_research_only_deepfashion,top,2 in 1 Space Dye Athletic Tank,,DeepFashion top: 2 in 1 Space Dye Athletic Tank.,
deepfashion_category/img/2-in-1_Space_Dye_Athletic_Tank/img_00000012.jpg,deepfashion-9bb377a7e21e0c3a,deepfashion_actual_images,non_commercial_research_only_deepfashion,top,2 in 1 Space Dye Athletic Tank,,DeepFashion top: 2 in 1 Space Dye Athletic Tank.,
deepfashion_category/img/2-in-1_Space_Dye_Athletic_Tank/img_00000013.jpg,deepfashion-ca598c28b50505de,deepfashion_actual_images,non_commercial_research_only_deepfashion,top,2 in 1 Space Dye Athletic Tank,,DeepFashion top: 2 in 1 Space Dye Athletic Tank.,
deepfashion_category/img/2-in-1_Space_Dye_Athletic_Tank/img_00000014.jpg,deepfashion-e52b4311a9f672bf,deepfashion_actual_images,non_commercial_research_only_deepfashion,top,2 in 1 Space Dye Athletic Tank,,DeepFashion top: 2 in 1 Space Dye Athletic Tank.,
deepfashion_category/img/2-in-1_Space_Dye_Athletic_Tank/img_00000015.jpg,deepfashion-471fa5a6ee752834,deepfashion_actual_images,non_commercial_research_only_deepfashion,top,2 in 1 Space Dye Athletic Tank,,DeepFashion top: 2 in 1 Space Dye Athletic Tank.,
deepfashion_category/img/2-in-1_Space_Dye_Athletic_Tank/img_00000016.jpg,deepfashion-483183052fb25f2c,deepfashion_actual_images,non_commercial_research_only_deepfashion,top,2 in 1 Space Dye Athletic Tank,,DeepFashion top: 2 in 1 Space Dye Athletic Tank.,
deepfashion_category/img/2-in-1_Space_Dye_Athletic_Tank/img_00000017.jpg,deepfashion-43d5978058646fec,deepfashion_actual_images,non_commercial_research_only_deepfashion,top,2 in 1 Space Dye Athletic Tank,,DeepFashion top: 2 in 1 Space Dye Athletic Tank.,
deepfashion_category/img/2-in-1_Space_Dye_Athletic_Tank/img_00000018.jpg,deepfashion-d0fbfd1f6e0f9f5b,deepfashion_actual_images,non_commercial_research_only_deepfashion,top,2 in 1 Space Dye Athletic Tank,,DeepFashion top: 2 in 1 Space Dye Athletic Tank.,
deepfashion_category/img/2-in-1_Space_Dye_Athletic_Tank/img_00000019.jpg,deepfashion-083ccc1e32440b1b,deepfashion_actual_images,non_commercial_research_only_deepfashion,top,2 in 1 Space Dye Athletic Tank,,DeepFashion top: 2 in 1 Space Dye Athletic Tank.,
deepfashion_category/img/2-in-1_Space_Dye_Athletic_Tank/img_00000020.jpg,deepfashion-90270c45f0e47a9c,deepfashion_actual_images,non_commercial_research_only_deepfashion,top,2 in 1 Space Dye Athletic Tank,,DeepFashion top: 2 in 1 Space Dye Athletic Tank.,
deepfashion_category/img/2-in-1_Space_Dye_Athletic_Tank/img_00000021.jpg,deepfashion-4cb639d97c2b28d4,deepfashion_actual_images,non_commercial_research_only_deepfashion,top,2 in 1 Space Dye Athletic Tank,,DeepFashion top: 2 in 1 Space Dye Athletic Tank.,
deepfashion_category/img/2-in-1_Space_Dye_Athletic_Tank/img_00000022.jpg,deepfashion-b575487c7a2e8c97,deepfashion_actual_images,non_commercial_research_only_deepfashion,top,2 in 1 Space Dye Athletic Tank,,DeepFashion top: 2 in 1 Space Dye Athletic Tank.,
deepfashion_category/img/2-in-1_Space_Dye_Athletic_Tank/img_00000023.jpg,deepfashion-80da93cf71251b93,deepfashion_actual_images,non_commercial_research_only_deepfashion,top,2 in 1 Space Dye Athletic Tank,,DeepFashion top: 2 in 1 Space Dye Athletic Tank.,
deepfashion_category/img/2-in-1_Space_Dye_Athletic_Tank/img_00000024.jpg,deepfashion-b0e7a5d709b4e671,deepfashion_actual_images,non_commercial_research_only_deepfashion,top,2 in 1 Space Dye Athletic Tank,,DeepFashion top: 2 in 1 Space Dye Athletic Tank.,
deepfashion_category/img/2-in-1_Space_Dye_Athletic_Tank/img_00000025.jpg,deepfashion-68baa903e919543f,deepfashion_actual_images,non_commercial_research_only_deepfashion,top,2 in 1 Space Dye Athletic Tank,,DeepFashion top: 2 in 1 Space Dye Athletic Tank.,
deepfashion_category/img/2-in-1_Space_Dye_Athletic_Tank/img_00000026.jpg,deepfashion-8ef91bb5c99c91b4,deepfashion_actual_images,non_commercial_research_only_deepfashion,top,2 in 1 Space Dye Athletic Tank,,DeepFashion top: 2 in 1 Space Dye Athletic Tank.,
deepfashion_category/img/2-in-1_Space_Dye_Athletic_Tank/img_00000027.jpg,deepfashion-02c0b7365d0cbe89,deepfashion_actual_images,non_commercial_research_only_deepfashion,top,2 in 1 Space Dye Athletic Tank,,DeepFashion top: 2 in 1 Space Dye Athletic Tank.,
deepfashion_category/img/2-in-1_Space_Dye_Athletic_Tank/img_00000028.jpg,deepfashion-9cf5eac4b0bf154d,deepfashion_actual_images,non_commercial_research_only_deepfashion,top,2 in 1 Space Dye Athletic Tank,,DeepFashion top: 2 in 1 Space Dye Athletic Tank.,
deepfashion_category/img/2-in-1_Space_Dye_Athletic_Tank/img_00000029.jpg,deepfashion-e091cb2868485fb8,deepfashion_actual_images,non_commercial_research_only_deepfashion,top,2 in 1 Space Dye Athletic Tank,,DeepFashion top: 2 in 1 Space Dye Athletic Tank.,
deepfashion_category/img/2-in-1_Space_Dye_Athletic_Tank/img_00000030.jpg,deepfashion-9d772d57fd23f881,deepfashion_actual_images,non_commercial_research_only_deepfashion,top,2 in 1 Space Dye Athletic Tank,,DeepFashion top: 2 in 1 Space Dye Athletic Tank.,
deepfashion_category/img/2-in-1_Space_Dye_Athletic_Tank/img_00000031.jpg,deepfashion-3f91e89fd540d694,deepfashion_actual_images,non_commercial_research_only_deepfashion,top,2 in 1 Space Dye Athletic Tank,,DeepFashion top: 2 in 1 Space Dye Athletic Tank.,
deepfashion_category/img/2-in-1_Space_Dye_Athletic_Tank/img_00000032.jpg,deepfashion-4148b5ec084ad33a,deepfashion_actual_images,non_commercial_research_only_deepfashion,top,2 in 1 Space Dye Athletic Tank,,DeepFashion top: 2 in 1 Space Dye Athletic Tank.,
deepfashion_category/img/2-in-1_Space_Dye_Athletic_Tank/img_00000033.jpg,deepfashion-b24e44e1376c8864,deepfashion_actual_images,non_commercial_research_only_deepfashion,top,2 in 1 Space Dye Athletic Tank,,DeepFashion top: 2 in 1 Space Dye Athletic Tank.,
deepfashion_category/img/2-in-1_Space_Dye_Athletic_Tank/img_00000034.jpg,deepfashion-1b5234f170e5bf7b,deepfashion_actual_images,non_commercial_research_only_deepfashion,top,2 in 1 Space Dye Athletic Tank,,DeepFashion top: 2 in 1 Space Dye Athletic Tank.,
deepfashion_category/img/2-in-1_Space_Dye_Athletic_Tank/img_00000035.jpg,deepfashion-2150d804b85d1770,deepfashion_actual_images,non_commercial_research_only_deepfashion,top,2 in 1 Space Dye Athletic Tank,,DeepFashion top: 2 in 1 Space Dye Athletic Tank.,
deepfashion_category/img/2-in-1_Space_Dye_Athletic_Tank/img_00000036.jpg,deepfashion-1ec22281acf9b24d,deepfashion_actual_images,non_commercial_research_only_deepfashion,top,2 in 1 Space Dye Athletic Tank,,DeepFashion top: 2 in 1 Space Dye Athletic Tank.,
deepfashion_category/img/2-in-1_Space_Dye_Athletic_Tank/img_00000037.jpg,deepfashion-d91d08a97d006ded,deepfashion_actual_images,non_commercial_research_only_deepfashion,top,2 in 1 Space Dye Athletic Tank,,DeepFashion top: 2 in 1 Space Dye Athletic Tank.,
deepfashion_category/img/2-in-1_Space_Dye_Athletic_Tank/img_00000038.jpg,deepfashion-1cb9d5d521d78749,deepfashion_actual_images,non_commercial_research_only_deepfashion,top,2 in 1 Space Dye Athletic Tank,,DeepFashion top: 2 in 1 Space Dye Athletic Tank.,
deepfashion_category/img/2-in-1_Space_Dye_Athletic_Tank/img_00000039.jpg,deepfashion-4807c4049c026f1b,deepfashion_actual_images,non_commercial_research_only_deepfashion,top,2 in 1 Space Dye Athletic Tank,,DeepFashion top: 2 in 1 Space Dye Athletic Tank.,
deepfashion_category/img/2-in-1_Space_Dye_Athletic_Tank/img_00000040.jpg,deepfashion-3ca1b38de1a1b3dd,deepfashion_actual_images,non_commercial_research_only_deepfashion,top,2 in 1 Space Dye Athletic Tank,,DeepFashion top: 2 in 1 Space Dye Athletic Tank.,
deepfashion_category/img/2-in-1_Space_Dye_Athletic_Tank/img_00000041.jpg,deepfashion-4b7423d245e82fe1,deepfashion_actual_images,non_commercial_research_only_deepfashion,top,2 in 1 Space Dye Athletic Tank,,DeepFashion top: 2 in 1 Space Dye Athletic Tank.,
deepfashion_category/img/2-in-1_Space_Dye_Athletic_Tank/img_00000042.jpg,deepfashion-851ab482295ca346,deepfashion_actual_images,non_commercial_research_only_deepfashion,top,2 in 1 Space Dye Athletic Tank,,DeepFashion top: 2 in 1 Space Dye Athletic Tank.,
deepfashion_category/img/2-in-1_Space_Dye_Athletic_Tank/img_00000043.jpg,deepfashion-a9ca81a086424ed1,deepfashion_actual_images,non_commercial_research_only_deepfashion,top,2 in 1 Space Dye Athletic Tank,,DeepFashion top: 2 in 1 Space Dye Athletic Tank.,
deepfashion_category/img/2-in-1_Space_Dye_Athletic_Tank/img_00000044.jpg,deepfashion-3d5375499d096587,deepfashion_actual_images,non_commercial_research_only_deepfashion,top,2 in 1 Space Dye Athletic Tank,,DeepFashion top: 2 in 1 Space Dye Athletic Tank.,
deepfashion_category/img/2-in-1_Space_Dye_Athletic_Tank/img_00000045.jpg,deepfashion-587ba4750b95af70,deepfashion_actual_images,non_commercial_research_only_deepfashion,top,2 in 1 Space Dye Athletic Tank,,DeepFashion top: 2 in 1 Space Dye Athletic Tank.,
deepfashion_category/img/2-in-1_Space_Dye_Athletic_Tank/img_00000046.jpg,deepfashion-a1465b3f80706e84,deepfashion_actual_images,non_commercial_research_only_deepfashion,top,2 in 1 Space Dye Athletic Tank,,DeepFashion top: 2 in 1 Space Dye Athletic Tank.,
deepfashion_category/img/2-in-1_Space_Dye_Athletic_Tank/img_00000047.jpg,deepfashion-a7fc4a3c15cddfad,deepfashion_actual_images,non_commercial_research_only_deepfashion,top,2 in 1 Space Dye Athletic Tank,,DeepFashion top: 2 in 1 Space Dye Athletic Tank.,
deepfashion_category/img/2-in-1_Space_Dye_Athletic_Tank/img_00000048.jpg,deepfashion-1c416a1ef077eeb0,deepfashion_actual_images,non_commercial_research_only_deepfashion,top,2 in 1 Space Dye Athletic Tank,,DeepFashion top: 2 in 1 Space Dye Athletic Tank.,
deepfashion_category/img/2-in-1_Space_Dye_Athletic_Tank/img_00000049.jpg,deepfashion-d4c551c0c782e705,deepfashion_actual_images,non_commercial_research_only_deepfashion,top,2 in 1 Space Dye Athletic Tank,,DeepFashion top: 2 in 1 Space Dye Athletic Tank.,
deepfashion_category/img/2-in-1_Space_Dye_Athletic_Tank/img_00000050.jpg,deepfashion-c28f1803e3c3cc94,deepfashion_actual_images,non_commercial_research_only_deepfashion,top,2 in 1 Space Dye Athletic Tank,,DeepFashion top: 2 in 1 Space Dye Athletic Tank.,
deepfashion_category/img/2-in-1_Space_Dye_Athletic_Tank/img_00000051.jpg,deepfashion-44f18bb7e5f1041a,deepfashion_actual_images,non_commercial_research_only_deepfashion,top,2 in 1 Space Dye Athletic Tank,,DeepFashion top: 2 in 1 Space Dye Athletic Tank.,
deepfashion_category/img/2-in-1_Space_Dye_Athletic_Tank/img_00000052.jpg,deepfashion-5d869956772abe32,deepfashion_actual_images,non_commercial_research_only_deepfashion,top,2 in 1 Space Dye Athletic Tank,,DeepFashion top: 2 in 1 Space Dye Athletic Tank.,
deepfashion_category/img/2-in-1_Space_Dye_Athletic_Tank/img_00000053.jpg,deepfashion-cef0a09df9367c35,deepfashion_actual_images,non_commercial_research_only_deepfashion,top,2 in 1 Space Dye Athletic Tank,,DeepFashion top: 2 in 1 Space Dye Athletic Tank.,
deepfashion_category/img/2-in-1_Space_Dye_Athletic_Tank/img_00000054.jpg,deepfashion-95c491c276c03575,deepfashion_actual_images,non_commercial_research_only_deepfashion,top,2 in 1 Space Dye Athletic Tank,,DeepFashion top: 2 in 1 Space Dye Athletic Tank.,
deepfashion_category/img/2-in-1_Space_Dye_Athletic_Tank/img_00000055.jpg,deepfashion-cf69a43a29c0c863,deepfashion_actual_images,non_commercial_research_only_deepfashion,top,2 in 1 Space Dye Athletic Tank,,DeepFashion top: 2 in 1 Space Dye Athletic Tank.,
deepfashion_category/img/2-in-1_Space_Dye_Athletic_Tank/img_00000056.jpg,deepfashion-b226fc03313ab487,deepfashion_actual_images,non_commercial_research_only_deepfashion,top,2 in 1 Space Dye Athletic Tank,,DeepFashion top: 2 in 1 Space Dye Athletic Tank.,
deepfashion_category/img/2-in-1_Space_Dye_Athletic_Tank/img_00000057.jpg,deepfashion-4592f36b325552f7,deepfashion_actual_images,non_commercial_research_only_deepfashion,top,2 in 1 Space Dye Athletic Tank,,DeepFashion top: 2 in 1 Space Dye Athletic Tank.,
deepfashion_category/img/2-in-1_Space_Dye_Athletic_Tank/img_00000058.jpg,deepfashion-b258992f01a8726d,deepfashion_actual_images,non_commercial_research_only_deepfashion,top,2 in 1 Space Dye Athletic Tank,,DeepFashion top: 2 in 1 Space Dye Athletic Tank.,
deepfashion_category/img/2-in-1_Space_Dye_Athletic_Tank/img_00000059.jpg,deepfashion-ce62b7f003e09050,deepfashion_actual_images,non_commercial_research_only_deepfashion,top,2 in 1 Space Dye Athletic Tank,,DeepFashion top: 2 in 1 Space Dye Athletic Tank.,
deepfashion_category/img/2-in-1_Space_Dye_Athletic_Tank/img_00000060.jpg,deepfashion-8ea46df5b000af28,deepfashion_actual_images,non_commercial_research_only_deepfashion,top,2 in 1 Space Dye Athletic Tank,,DeepFashion top: 2 in 1 Space Dye Athletic Tank.,
deepfashion_category/img/2-in-1_Space_Dye_Athletic_Tank/img_00000061.jpg,deepfashion-2df7bb3ae2d0ab46,deepfashion_actual_images,non_commercial_research_only_deepfashion,top,2 in 1 Space Dye Athletic Tank,,DeepFashion top: 2 in 1 Space Dye Athletic Tank.,
deepfashion_category/img/2-in-1_Space_Dye_Athletic_Tank/img_00000062.jpg,deepfashion-3e3f407f08ae3e6d,deepfashion_actual_images,non_commercial_research_only_deepfashion,top,2 in 1 Space Dye Athletic Tank,,DeepFashion top: 2 in 1 Space Dye Athletic Tank.,
deepfashion_category/img/2-in-1_Space_Dye_Athletic_Tank/img_00000063.jpg,deepfashion-6d2204427d4b9d69,deepfashion_actual_images,non_commercial_research_only_deepfashion,top,2 in 1 Space Dye Athletic Tank,,DeepFashion top: 2 in 1 Space Dye Athletic Tank.,
deepfashion_category/img/25_Mesh-Paneled_Jersey_Dress/img_00000001.jpg,deepfashion-3bb3a4fe01089fc7,deepfashion_actual_images,non_commercial_research_only_deepfashion,dress,25 Mesh Paneled Jersey Dress,,DeepFashion dress: 25 Mesh Paneled Jersey Dress.,
deepfashion_category/img/25_Mesh-Paneled_Jersey_Dress/img_00000002.jpg,deepfashion-8507e21a504cb2cf,deepfashion_actual_images,non_commercial_research_only_deepfashion,dress,25 Mesh Paneled Jersey Dress,,DeepFashion dress: 25 Mesh Paneled Jersey Dress.,
deepfashion_category/img/25_Mesh-Paneled_Jersey_Dress/img_00000003.jpg,deepfashion-e983c794cf4548b7,deepfashion_actual_images,non_commercial_research_only_deepfashion,dress,25 Mesh Paneled Jersey Dress,,DeepFashion dress: 25 Mesh Paneled Jersey Dress.,
deepfashion_category/img/25_Mesh-Paneled_Jersey_Dress/img_00000004.jpg,deepfashion-39d40a784379b03d,deepfashion_actual_images,non_commercial_research_only_deepfashion,dress,25 Mesh Paneled Jersey Dress,,DeepFashion dress: 25 Mesh Paneled Jersey Dress.,
deepfashion_category/img/25_Mesh-Paneled_Jersey_Dress/img_00000005.jpg,deepfashion-b88c90813c095ad0,deepfashion_actual_images,non_commercial_research_only_deepfashion,dress,25 Mesh Paneled Jersey Dress,,DeepFashion dress: 25 Mesh Paneled Jersey Dress.,
deepfashion_category/img/25_Mesh-Paneled_Jersey_Dress/img_00000006.jpg,deepfashion-2ce42b16fcddee6b,deepfashion_actual_images,non_commercial_research_only_deepfashion,dress,25 Mesh Paneled Jersey Dress,,DeepFashion dress: 25 Mesh Paneled Jersey Dress.,
deepfashion_category/img/25_Mesh-Paneled_Jersey_Dress/img_00000007.jpg,deepfashion-1d4e38b6b1ce75ee,deepfashion_actual_images,non_commercial_research_only_deepfashion,dress,25 Mesh Paneled Jersey Dress,,DeepFashion dress: 25 Mesh Paneled Jersey Dress.,
deepfashion_category/img/25_Mesh-Paneled_Jersey_Dress/img_00000008.jpg,deepfashion-f310fd5f5aa4d4bc,deepfashion_actual_images,non_commercial_research_only_deepfashion,dress,25 Mesh Paneled Jersey Dress,,DeepFashion dress: 25 Mesh Paneled Jersey Dress.,
deepfashion_category/img/25_Mesh-Paneled_Jersey_Dress/img_00000009.jpg,deepfashion-6b136306cc1ba6e5,deepfashion_actual_images,non_commercial_research_only_deepfashion,dress,25 Mesh Paneled Jersey Dress,,DeepFashion dress: 25 Mesh Paneled Jersey Dress.,
deepfashion_category/img/25_Mesh-Paneled_Jersey_Dress/img_00000010.jpg,deepfashion-55202c04699546e9,deepfashion_actual_images,non_commercial_research_only_deepfashion,dress,25 Mesh Paneled Jersey Dress,,DeepFashion dress: 25 Mesh Paneled Jersey Dress.,
deepfashion_category/img/25_Mesh-Paneled_Jersey_Dress/img_00000011.jpg,deepfashion-ee9933c1c8b789a4,deepfashion_actual_images,non_commercial_research_only_deepfashion,dress,25 Mesh Paneled Jersey Dress,,DeepFashion dress: 25 Mesh Paneled Jersey Dress.,
deepfashion_category/img/25_Mesh-Paneled_Jersey_Dress/img_00000012.jpg,deepfashion-0fb37eb68daa04b3,deepfashion_actual_images,non_commercial_research_only_deepfashion,dress,25 Mesh Paneled Jersey Dress,,DeepFashion dress: 25 Mesh Paneled Jersey Dress.,
deepfashion_category/img/25_Mesh-Paneled_Jersey_Dress/img_00000013.jpg,deepfashion-6cc09c025dfabca9,deepfashion_actual_images,non_commercial_research_only_deepfashion,dress,25 Mesh Paneled Jersey Dress,,DeepFashion dress: 25 Mesh Paneled Jersey Dress.,
deepfashion_category/img/25_Mesh-Paneled_Jersey_Dress/img_00000014.jpg,deepfashion-2a0b324590beb6a3,deepfashion_actual_images,non_commercial_research_only_deepfashion,dress,25 Mesh Paneled Jersey Dress,,DeepFashion dress: 25 Mesh Paneled Jersey Dress.,
deepfashion_category/img/25_Mesh-Paneled_Jersey_Dress/img_00000015.jpg,deepfashion-bae86351fd7c05c2,deepfashion_actual_images,non_commercial_research_only_deepfashion,dress,25 Mesh Paneled Jersey Dress,,DeepFashion dress: 25 Mesh Paneled Jersey Dress.,
deepfashion_category/img/25_Mesh-Paneled_Jersey_Dress/img_00000016.jpg,deepfashion-81d0add79cc4dc72,deepfashion_actual_images,non_commercial_research_only_deepfashion,dress,25 Mesh Paneled Jersey Dress,,DeepFashion dress: 25 Mesh Paneled Jersey Dress.,
deepfashion_category/img/25_Mesh-Paneled_Jersey_Dress/img_00000017.jpg,deepfashion-79b38c29ddda5bb0,deepfashion_actual_images,non_commercial_research_only_deepfashion,dress,25 Mesh Paneled Jersey Dress,,DeepFashion dress: 25 Mesh Paneled Jersey Dress.,
deepfashion_category/img/25_Mesh-Paneled_Jersey_Dress/img_00000018.jpg,deepfashion-14cba2bc6d88eadf,deepfashion_actual_images,non_commercial_research_only_deepfashion,dress,25 Mesh Paneled Jersey Dress,,DeepFashion dress: 25 Mesh Paneled Jersey Dress.,
deepfashion_category/img/25_Mesh-Paneled_Jersey_Dress/img_00000019.jpg,deepfashion-91d03862a16b387e,deepfashion_actual_images,non_commercial_research_only_deepfashion,dress,25 Mesh Paneled Jersey Dress,,DeepFashion dress: 25 Mesh Paneled Jersey Dress.,
deepfashion_category/img/25_Mesh-Paneled_Jersey_Dress/img_00000020.jpg,deepfashion-11560575a1aa498e,deepfashion_actual_images,non_commercial_research_only_deepfashion,dress,25 Mesh Paneled Jersey Dress,,DeepFashion dress: 25 Mesh Paneled Jersey Dress.,
deepfashion_category/img/25_Mesh-Paneled_Jersey_Dress/img_00000021.jpg,deepfashion-20beb4feab7cce46,deepfashion_actual_images,non_commercial_research_only_deepfashion,dress,25 Mesh Paneled Jersey Dress,,DeepFashion dress: 25 Mesh Paneled Jersey Dress.,
deepfashion_category/img/25_Mesh-Paneled_Jersey_Dress/img_00000022.jpg,deepfashion-2b66e9b5a5d333b7,deepfashion_actual_images,non_commercial_research_only_deepfashion,dress,25 Mesh Paneled Jersey Dress,,DeepFashion dress: 25 Mesh Paneled Jersey Dress.,
deepfashion_category/img/25_Mesh-Paneled_Jersey_Dress/img_00000023.jpg,deepfashion-0ea6268cf743df8f,deepfashion_actual_images,non_commercial_research_only_deepfashion,dress,25 Mesh Paneled Jersey Dress,,DeepFashion dress: 25 Mesh Paneled Jersey Dress.,
deepfashion_category/img/25_Mesh-Paneled_Jersey_Dress/img_00000024.jpg,deepfashion-381de456ca11d763,deepfashion_actual_images,non_commercial_research_only_deepfashion,dress,25 Mesh Paneled Jersey Dress,,DeepFashion dress: 25 Mesh Paneled Jersey Dress.,
deepfashion_category/img/25_Mesh-Paneled_Jersey_Dress/img_00000025.jpg,deepfashion-26b56f93e1e79530,deepfashion_actual_images,non_commercial_research_only_deepfashion,dress,25 Mesh Paneled Jersey Dress,,DeepFashion dress: 25 Mesh Paneled Jersey Dress.,
deepfashion_category/img/25_Mesh-Paneled_Jersey_Dress/img_00000026.jpg,deepfashion-07a6eb0ca4e65784,deepfashion_actual_images,non_commercial_research_only_deepfashion,dress,25 Mesh Paneled Jersey Dress,,DeepFashion dress: 25 Mesh Paneled Jersey Dress.,
deepfashion_category/img/25_Mesh-Paneled_Jersey_Dress/img_00000027.jpg,deepfashion-46c44b9e07438b71,deepfashion_actual_images,non_commercial_research_only_deepfashion,dress,25 Mesh Paneled Jersey Dress,,DeepFashion dress: 25 Mesh Paneled Jersey Dress.,
deepfashion_category/img/25_Mesh-Paneled_Jersey_Dress/img_00000028.jpg,deepfashion-daa0c0e55564e0fe,deepfashion_actual_images,non_commercial_research_only_deepfashion,dress,25 Mesh Paneled Jersey Dress,,DeepFashion dress: 25 Mesh Paneled Jersey Dress.,
deepfashion_category/img/25_Mesh-Paneled_Jersey_Dress/img_00000029.jpg,deepfashion-ab1afc3e08dc3c20,deepfashion_actual_images,non_commercial_research_only_deepfashion,dress,25 Mesh Paneled Jersey Dress,,DeepFashion dress: 25 Mesh Paneled Jersey Dress.,
deepfashion_category/img/25_Mesh-Paneled_Jersey_Dress/img_00000030.jpg,deepfashion-8343c50ad5a610bc,deepfashion_actual_images,non_commercial_research_only_deepfashion,dress,25 Mesh Paneled Jersey Dress,,DeepFashion dress: 25 Mesh Paneled Jersey Dress.,
deepfashion_category/img/25_Mesh-Paneled_Jersey_Dress/img_00000031.jpg,deepfashion-79c469607d7ec6aa,deepfashion_actual_images,non_commercial_research_only_deepfashion,dress,25 Mesh Paneled Jersey Dress,,DeepFashion dress: 25 Mesh Paneled Jersey Dress.,
deepfashion_category/img/25_Mesh-Paneled_Jersey_Dress/img_00000032.jpg,deepfashion-662fbebdfb966621,deepfashion_actual_images,non_commercial_research_only_deepfashion,dress,25 Mesh Paneled Jersey Dress,,DeepFashion dress: 25 Mesh Paneled Jersey Dress.,
deepfashion_category/img/25_Mesh-Paneled_Jersey_Dress/img_00000033.jpg,deepfashion-ff9b5da4ba44ee36,deepfashion_actual_images,non_commercial_research_only_deepfashion,dress,25 Mesh Paneled Jersey Dress,,DeepFashion dress: 25 Mesh Paneled Jersey Dress.,
deepfashion_category/img/25_Mesh-Paneled_Jersey_Dress/img_00000034.jpg,deepfashion-32fbf786a6a71d16,deepfashion_actual_images,non_commercial_research_only_deepfashion,dress,25 Mesh Paneled Jersey Dress,,DeepFashion dress: 25 Mesh Paneled Jersey Dress.,
deepfashion_category/img/25_Mesh-Paneled_Jersey_Dress/img_00000035.jpg,deepfashion-fa420c0877449888,deepfashion_actual_images,non_commercial_research_only_deepfashion,dress,25 Mesh Paneled Jersey Dress,,DeepFashion dress: 25 Mesh Paneled Jersey Dress.,
deepfashion_category/img/25_Mesh-Paneled_Jersey_Dress/img_00000036.jpg,deepfashion-b3605fbb09350a42,deepfashion_actual_images,non_commercial_research_only_deepfashion,dress,25 Mesh Paneled Jersey Dress,,DeepFashion dress: 25 Mesh Paneled Jersey Dress.,
deepfashion_category/img/25_Mesh-Paneled_Jersey_Dress/img_00000037.jpg,deepfashion-c9313300f542a372,deepfashion_actual_images,non_commercial_research_only_deepfashion,dress,25 Mesh Paneled Jersey Dress,,DeepFashion dress: 25 Mesh Paneled Jersey Dress.,
deepfashion_category/img/25_Mesh-Paneled_Jersey_Dress/img_00000038.jpg,deepfashion-175f86f6afaf7cf3,deepfashion_actual_images,non_commercial_research_only_deepfashion,dress,25 Mesh Paneled Jersey Dress,,DeepFashion dress: 25 Mesh Paneled Jersey Dress.,
deepfashion_category/img/25_Mesh-Paneled_Jersey_Dress/img_00000039.jpg,deepfashion-2f2d8228b05c4539,deepfashion_actual_images,non_commercial_research_only_deepfashion,dress,25 Mesh Paneled Jersey Dress,,DeepFashion dress: 25 Mesh Paneled Jersey Dress.,
deepfashion_category/img/25_Mesh-Paneled_Jersey_Dress/img_00000040.jpg,deepfashion-51e9cc9e39c7a0a5,deepfashion_actual_images,non_commercial_research_only_deepfashion,dress,25 Mesh Paneled Jersey Dress,,DeepFashion dress: 25 Mesh Paneled Jersey Dress.,
deepfashion_category/img/25_Mesh-Paneled_Jersey_Dress/img_00000041.jpg,deepfashion-6d588d5478ba9fdc,deepfashion_actual_images,non_commercial_research_only_deepfashion,dress,25 Mesh Paneled Jersey Dress,,DeepFashion dress: 25 Mesh Paneled Jersey Dress.,
deepfashion_category/img/25_Mesh-Paneled_Jersey_Dress/img_00000042.jpg,deepfashion-dc8ed3f0e99bc131,deepfashion_actual_images,non_commercial_research_only_deepfashion,dress,25 Mesh Paneled Jersey Dress,,DeepFashion dress: 25 Mesh Paneled Jersey Dress.,
deepfashion_category/img/25_Mesh-Paneled_Jersey_Dress/img_00000043.jpg,deepfashion-44af52eff923c3a1,deepfashion_actual_images,non_commercial_research_only_deepfashion,dress,25 Mesh Paneled Jersey Dress,,DeepFashion dress: 25 Mesh Paneled Jersey Dress.,
deepfashion_category/img/25_Mesh-Paneled_Jersey_Dress/img_00000044.jpg,deepfashion-3b3b192efac92071,deepfashion_actual_images,non_commercial_research_only_deepfashion,dress,25 Mesh Paneled Jersey Dress,,DeepFashion dress: 25 Mesh Paneled Jersey Dress.,
deepfashion_category/img/25_Mesh-Paneled_Jersey_Dress/img_00000045.jpg,deepfashion-32756b3ed7d1aea7,deepfashion_actual_images,non_commercial_research_only_deepfashion,dress,25 Mesh Paneled Jersey Dress,,DeepFashion dress: 25 Mesh Paneled Jersey Dress.,
deepfashion_category/img/36_Plaid_Shirt_Dress/img_00000001.jpg,deepfashion-11e8c10a2f895f26,deepfashion_actual_images,non_commercial_research_only_deepfashion,dress,36 Plaid Shirt Dress,,DeepFashion dress: 36 Plaid Shirt Dress.,
deepfashion_category/img/36_Plaid_Shirt_Dress/img_00000002.jpg,deepfashion-269dfd596fcde820,deepfashion_actual_images,non_commercial_research_only_deepfashion,dress,36 Plaid Shirt Dress,,DeepFashion dress: 36 Plaid Shirt Dress.,
deepfashion_category/img/36_Plaid_Shirt_Dress/img_00000003.jpg,deepfashion-cfb2abc72c6631af,deepfashion_actual_images,non_commercial_research_only_deepfashion,dress,36 Plaid Shirt Dress,,DeepFashion dress: 36 Plaid Shirt Dress.,
deepfashion_category/img/36_Plaid_Shirt_Dress/img_00000004.jpg,deepfashion-0850c37c3231bc4b,deepfashion_actual_images,non_commercial_research_only_deepfashion,dress,36 Plaid Shirt Dress,,DeepFashion dress: 36 Plaid Shirt Dress.,
deepfashion_category/img/36_Plaid_Shirt_Dress/img_00000005.jpg,deepfashion-4a1d32038c1c3b64,deepfashion_actual_images,non_commercial_research_only_deepfashion,dress,36 Plaid Shirt Dress,,DeepFashion dress: 36 Plaid Shirt Dress.,
deepfashion_category/img/36_Plaid_Shirt_Dress/img_00000006.jpg,deepfashion-1128028b61a53e04,deepfashion_actual_images,non_commercial_research_only_deepfashion,dress,36 Plaid Shirt Dress,,DeepFashion dress: 36 Plaid Shirt Dress.,
deepfashion_category/img/36_Plaid_Shirt_Dress/img_00000007.jpg,deepfashion-510bd6da4afdcbd4,deepfashion_actual_images,non_commercial_research_only_deepfashion,dress,36 Plaid Shirt Dress,,DeepFashion dress: 36 Plaid Shirt Dress.,
deepfashion_category/img/36_Plaid_Shirt_Dress/img_00000008.jpg,deepfashion-d4cb96b8dc34d49e,deepfashion_actual_images,non_commercial_research_only_deepfashion,dress,36 Plaid Shirt Dress,,DeepFashion dress: 36 Plaid Shirt Dress.,
deepfashion_category/img/36_Plaid_Shirt_Dress/img_00000009.jpg,deepfashion-60025005a82b87a5,deepfashion_actual_images,non_commercial_research_only_deepfashion,dress,36 Plaid Shirt Dress,,DeepFashion dress: 36 Plaid Shirt Dress.,
deepfashion_category/img/36_Plaid_Shirt_Dress/img_00000010.jpg,deepfashion-fc6df174a39a318a,deepfashion_actual_images,non_commercial_research_only_deepfashion,dress,36 Plaid Shirt Dress,,DeepFashion dress: 36 Plaid Shirt Dress.,
deepfashion_category/img/36_Plaid_Shirt_Dress/img_00000011.jpg,deepfashion-b89d195b4db48288,deepfashion_actual_images,non_commercial_research_only_deepfashion,dress,36 Plaid Shirt Dress,,DeepFashion dress: 36 Plaid Shirt Dress.,
deepfashion_category/img/36_Plaid_Shirt_Dress/img_00000012.jpg,deepfashion-e778b35bf369725c,deepfashion_actual_images,non_commercial_research_only_deepfashion,dress,36 Plaid Shirt Dress,,DeepFashion dress: 36 Plaid Shirt Dress.,
deepfashion_category/img/36_Plaid_Shirt_Dress/img_00000013.jpg,deepfashion-5c04229dde1f5e5c,deepfashion_actual_images,non_commercial_research_only_deepfashion,dress,36 Plaid Shirt Dress,,DeepFashion dress: 36 Plaid Shirt Dress.,
deepfashion_category/img/36_Plaid_Shirt_Dress/img_00000014.jpg,deepfashion-a1a500c9e181cbde,deepfashion_actual_images,non_commercial_research_only_deepfashion,dress,36 Plaid Shirt Dress,,DeepFashion dress: 36 Plaid Shirt Dress.,
deepfashion_category/img/36_Plaid_Shirt_Dress/img_00000015.jpg,deepfashion-22dba94212242839,deepfashion_actual_images,non_commercial_research_only_deepfashion,dress,36 Plaid Shirt Dress,,DeepFashion dress: 36 Plaid Shirt Dress.,
deepfashion_category/img/36_Plaid_Shirt_Dress/img_00000016.jpg,deepfashion-032a2d749bd147e1,deepfashion_actual_images,non_commercial_research_only_deepfashion,dress,36 Plaid Shirt Dress,,DeepFashion dress: 36 Plaid Shirt Dress.,
deepfashion_category/img/36_Plaid_Shirt_Dress/img_00000017.jpg,deepfashion-b61c41cbe537e70c,deepfashion_actual_images,non_commercial_research_only_deepfashion,dress,36 Plaid Shirt Dress,,DeepFashion dress: 36 Plaid Shirt Dress.,
deepfashion_category/img/36_Plaid_Shirt_Dress/img_00000018.jpg,deepfashion-254ef2a616328f80,deepfashion_actual_images,non_commercial_research_only_deepfashion,dress,36 Plaid Shirt Dress,,DeepFashion dress: 36 Plaid Shirt Dress.,
deepfashion_category/img/36_Plaid_Shirt_Dress/img_00000019.jpg,deepfashion-b7637e0a6a12537a,deepfashion_actual_images,non_commercial_research_only_deepfashion,dress,36 Plaid Shirt Dress,,DeepFashion dress: 36 Plaid Shirt Dress.,
deepfashion_category/img/36_Plaid_Shirt_Dress/img_00000020.jpg,deepfashion-3dd1d0f2886a5088,deepfashion_actual_images,non_commercial_research_only_deepfashion,dress,36 Plaid Shirt Dress,,DeepFashion dress: 36 Plaid Shirt Dress.,
deepfashion_category/img/36_Plaid_Shirt_Dress/img_00000021.jpg,deepfashion-d90d3177617dd0ec,deepfashion_actual_images,non_commercial_research_only_deepfashion,dress,36 Plaid Shirt Dress,,DeepFashion dress: 36 Plaid Shirt Dress.,
deepfashion_category/img/36_Plaid_Shirt_Dress/img_00000022.jpg,deepfashion-c4aa8e8b9d6dfe91,deepfashion_actual_images,non_commercial_research_only_deepfashion,dress,36 Plaid Shirt Dress,,DeepFashion dress: 36 Plaid Shirt Dress.,
deepfashion_category/img/36_Plaid_Shirt_Dress/img_00000023.jpg,deepfashion-bf4a99d2cfdda919,deepfashion_actual_images,non_commercial_research_only_deepfashion,dress,36 Plaid Shirt Dress,,DeepFashion dress: 36 Plaid Shirt Dress.,
deepfashion_category/img/36_Plaid_Shirt_Dress/img_00000024.jpg,deepfashion-a38be07ffee2b695,deepfashion_actual_images,non_commercial_research_only_deepfashion,dress,36 Plaid Shirt Dress,,DeepFashion dress: 36 Plaid Shirt Dress.,
deepfashion_category/img/36_Plaid_Shirt_Dress/img_00000025.jpg,deepfashion-1b91758bdc6891b2,deepfashion_actual_images,non_commercial_research_only_deepfashion,dress,36 Plaid Shirt Dress,,DeepFashion dress: 36 Plaid Shirt Dress.,
deepfashion_category/img/36_Plaid_Shirt_Dress/img_00000026.jpg,deepfashion-d3a8a3a43f7e1929,deepfashion_actual_images,non_commercial_research_only_deepfashion,dress,36 Plaid Shirt Dress,,DeepFashion dress: 36 Plaid Shirt Dress.,
deepfashion_category/img/36_Plaid_Shirt_Dress/img_00000027.jpg,deepfashion-f1e4d2c1ba061588,deepfashion_actual_images,non_commercial_research_only_deepfashion,dress,36 Plaid Shirt Dress,,DeepFashion dress: 36 Plaid Shirt Dress.,
deepfashion_category/img/36_Plaid_Shirt_Dress/img_00000028.jpg,deepfashion-56bc1736e1a4c3b5,deepfashion_actual_images,non_commercial_research_only_deepfashion,dress,36 Plaid Shirt Dress,,DeepFashion dress: 36 Plaid Shirt Dress.,
deepfashion_category/img/36_Plaid_Shirt_Dress/img_00000029.jpg,deepfashion-490e7b1f22e9f69c,deepfashion_actual_images,non_commercial_research_only_deepfashion,dress,36 Plaid Shirt Dress,,DeepFashion dress: 36 Plaid Shirt Dress.,
deepfashion_category/img/36_Plaid_Shirt_Dress/img_00000030.jpg,deepfashion-ee568320c005c5f2,deepfashion_actual_images,non_commercial_research_only_deepfashion,dress,36 Plaid Shirt Dress,,DeepFashion dress: 36 Plaid Shirt Dress.,
deepfashion_category/img/36_Plaid_Shirt_Dress/img_00000031.jpg,deepfashion-3e898f9bb746618b,deepfashion_actual_images,non_commercial_research_only_deepfashion,dress,36 Plaid Shirt Dress,,DeepFashion dress: 36 Plaid Shirt Dress.,
deepfashion_category/img/36_Plaid_Shirt_Dress/img_00000032.jpg,deepfashion-f5e746a0cf78132c,deepfashion_actual_images,non_commercial_research_only_deepfashion,dress,36 Plaid Shirt Dress,,DeepFashion dress: 36 Plaid Shirt Dress.,
deepfashion_category/img/36_Plaid_Shirt_Dress/img_00000033.jpg,deepfashion-cde04110d83ff7d5,deepfashion_actual_images,non_commercial_research_only_deepfashion,dress,36 Plaid Shirt Dress,,DeepFashion dress: 36 Plaid Shirt Dress.,
deepfashion_category/img/36_Plaid_Shirt_Dress/img_00000034.jpg,deepfashion-607bf124203a4c73,deepfashion_actual_images,non_commercial_research_only_deepfashion,dress,36 Plaid Shirt Dress,,DeepFashion dress: 36 Plaid Shirt Dress.,
deepfashion_category/img/36_Plaid_Shirt_Dress/img_00000035.jpg,deepfashion-8fceb397920f0691,deepfashion_actual_images,non_commercial_research_only_deepfashion,dress,36 Plaid Shirt Dress,,DeepFashion dress: 36 Plaid Shirt Dress.,
deepfashion_category/img/36_Plaid_Shirt_Dress/img_00000036.jpg,deepfashion-cbe47e0786052f1d,deepfashion_actual_images,non_commercial_research_only_deepfashion,dress,36 Plaid Shirt Dress,,DeepFashion dress: 36 Plaid Shirt Dress.,
deepfashion_category/img/36_Plaid_Shirt_Dress/img_00000037.jpg,deepfashion-1862285df8a4c8a5,deepfashion_actual_images,non_commercial_research_only_deepfashion,dress,36 Plaid Shirt Dress,,DeepFashion dress: 36 Plaid Shirt Dress.,
deepfashion_category/img/36_Plaid_Shirt_Dress/img_00000038.jpg,deepfashion-35b60848a8ebc5bb,deepfashion_actual_images,non_commercial_research_only_deepfashion,dress,36 Plaid Shirt Dress,,DeepFashion dress: 36 Plaid Shirt Dress.,
deepfashion_category/img/36_Plaid_Shirt_Dress/img_00000039.jpg,deepfashion-88b26532618b2d3c,deepfashion_actual_images,non_commercial_research_only_deepfashion,dress,36 Plaid Shirt Dress,,DeepFashion dress: 36 Plaid Shirt Dress.,
deepfashion_category/img/36_Plaid_Shirt_Dress/img_00000040.jpg,deepfashion-8f5af871f366725e,deepfashion_actual_images,non_commercial_research_only_deepfashion,dress,36 Plaid Shirt Dress,,DeepFashion dress: 36 Plaid Shirt Dress.,
deepfashion_category/img/36_Plaid_Shirt_Dress/img_00000041.jpg,deepfashion-1340e139b6d03ea8,deepfashion_actual_images,non_commercial_research_only_deepfashion,dress,36 Plaid Shirt Dress,,DeepFashion dress: 36 Plaid Shirt Dress.,
deepfashion_category/img/36_Plaid_Shirt_Dress/img_00000042.jpg,deepfashion-bbc95f9ef949ee29,deepfashion_actual_images,non_commercial_research_only_deepfashion,dress,36 Plaid Shirt Dress,,DeepFashion dress: 36 Plaid Shirt Dress.,
deepfashion_category/img/36_Plaid_Shirt_Dress/img_00000043.jpg,deepfashion-335bea696ee07d24,deepfashion_actual_images,non_commercial_research_only_deepfashion,dress,36 Plaid Shirt Dress,,DeepFashion dress: 36 Plaid Shirt Dress.,
deepfashion_category/img/36_Plaid_Shirt_Dress/img_00000044.jpg,deepfashion-150378acd5b01369,deepfashion_actual_images,non_commercial_research_only_deepfashion,dress,36 Plaid Shirt Dress,,DeepFashion dress: 36 Plaid Shirt Dress.,
deepfashion_category/img/Above_Average_Linen_Tee/img_00000001.jpg,deepfashion-f97aea0785fe4d53,deepfashion_actual_images,non_commercial_research_only_deepfashion,t-shirt,Above Average Linen Tee,,DeepFashion t-shirt: Above Average Linen Tee.,
deepfashion_category/img/Above_Average_Linen_Tee/img_00000002.jpg,deepfashion-e41714bab8a5726a,deepfashion_actual_images,non_commercial_research_only_deepfashion,t-shirt,Above Average Linen Tee,,DeepFashion t-shirt: Above Average Linen Tee.,
deepfashion_category/img/Above_Average_Linen_Tee/img_00000003.jpg,deepfashion-a97ff356d54fb770,deepfashion_actual_images,non_commercial_research_only_deepfashion,t-shirt,Above Average Linen Tee,,DeepFashion t-shirt: Above Average Linen Tee.,
deepfashion_category/img/Above_Average_Linen_Tee/img_00000004.jpg,deepfashion-f41a8856aa19ff7c,deepfashion_actual_images,non_commercial_research_only_deepfashion,t-shirt,Above Average Linen Tee,,DeepFashion t-shirt: Above Average Linen Tee.,
deepfashion_category/img/Above_Average_Linen_Tee/img_00000005.jpg,deepfashion-1768a9e3bf0c8314,deepfashion_actual_images,non_commercial_research_only_deepfashion,t-shirt,Above Average Linen Tee,,DeepFashion t-shirt: Above Average Linen Tee.,
deepfashion_category/img/Above_Average_Linen_Tee/img_00000006.jpg,deepfashion-a086861174f98152,deepfashion_actual_images,non_commercial_research_only_deepfashion,t-shirt,Above Average Linen Tee,,DeepFashion t-shirt: Above Average Linen Tee.,
deepfashion_category/img/Above_Average_Linen_Tee/img_00000007.jpg,deepfashion-5a026e4c82b41fc1,deepfashion_actual_images,non_commercial_research_only_deepfashion,t-shirt,Above Average Linen Tee,,DeepFashion t-shirt: Above Average Linen Tee.,
deepfashion_category/img/Above_Average_Linen_Tee/img_00000008.jpg,deepfashion-bcc5e26c163644fe,deepfashion_actual_images,non_commercial_research_only_deepfashion,t-shirt,Above Average Linen Tee,,DeepFashion t-shirt: Above Average Linen Tee.,
deepfashion_category/img/Above_Average_Linen_Tee/img_00000009.jpg,deepfashion-b9a67ed6cbd6935f,deepfashion_actual_images,non_commercial_research_only_deepfashion,t-shirt,Above Average Linen Tee,,DeepFashion t-shirt: Above Average Linen Tee.,
deepfashion_category/img/Above_Average_Linen_Tee/img_00000010.jpg,deepfashion-85464ce0046a66fd,deepfashion_actual_images,non_commercial_research_only_deepfashion,t-shirt,Above Average Linen Tee,,DeepFashion t-shirt: Above Average Linen Tee.,
deepfashion_category/img/Above_Average_Linen_Tee/img_00000011.jpg,deepfashion-f590a760cef70aec,deepfashion_actual_images,non_commercial_research_only_deepfashion,t-shirt,Above Average Linen Tee,,DeepFashion t-shirt: Above Average Linen Tee.,
deepfashion_category/img/Above_Average_Linen_Tee/img_00000012.jpg,deepfashion-5790563c5315f66a,deepfashion_actual_images,non_commercial_research_only_deepfashion,t-shirt,Above Average Linen Tee,,DeepFashion t-shirt: Above Average Linen Tee.,
deepfashion_category/img/Above_Average_Linen_Tee/img_00000013.jpg,deepfashion-644ea46c49848709,deepfashion_actual_images,non_commercial_research_only_deepfashion,t-shirt,Above Average Linen Tee,,DeepFashion t-shirt: Above Average Linen Tee.,
deepfashion_category/img/Above_Average_Linen_Tee/img_00000014.jpg,deepfashion-61c6895b22c47bba,deepfashion_actual_images,non_commercial_research_only_deepfashion,t-shirt,Above Average Linen Tee,,DeepFashion t-shirt: Above Average Linen Tee.,
deepfashion_category/img/Above_Average_Linen_Tee/img_00000015.jpg,deepfashion-4e99369b2e437933,deepfashion_actual_images,non_commercial_research_only_deepfashion,t-shirt,Above Average Linen Tee,,DeepFashion t-shirt: Above Average Linen Tee.,
deepfashion_category/img/Above_Average_Linen_Tee/img_00000016.jpg,deepfashion-2f9d554c7eacaf97,deepfashion_actual_images,non_commercial_research_only_deepfashion,t-shirt,Above Average Linen Tee,,DeepFashion t-shirt: Above Average Linen Tee.,
deepfashion_category/img/Above_Average_Linen_Tee/img_00000017.jpg,deepfashion-cb1ccda8cc6ce35c,deepfashion_actual_images,non_commercial_research_only_deepfashion,t-shirt,Above Average Linen Tee,,DeepFashion t-shirt: Above Average Linen Tee.,
deepfashion_category/img/Above_Average_Linen_Tee/img_00000018.jpg,deepfashion-8dd95611ac8617fb,deepfashion_actual_images,non_commercial_research_only_deepfashion,t-shirt,Above Average Linen Tee,,DeepFashion t-shirt: Above Average Linen Tee.,
deepfashion_category/img/Above_Average_Linen_Tee/img_00000019.jpg,deepfashion-46006f5a6cfdf4a9,deepfashion_actual_images,non_commercial_research_only_deepfashion,t-shirt,Above Average Linen Tee,,DeepFashion t-shirt: Above Average Linen Tee.,
deepfashion_category/img/Above_Average_Linen_Tee/img_00000020.jpg,deepfashion-12e9431c9ee1cd75,deepfashion_actual_images,non_commercial_research_only_deepfashion,t-shirt,Above Average Linen Tee,,DeepFashion t-shirt: Above Average Linen Tee.,
deepfashion_category/img/Above_Average_Linen_Tee/img_00000021.jpg,deepfashion-7edd205e5f249e95,deepfashion_actual_images,non_commercial_research_only_deepfashion,t-shirt,Above Average Linen Tee,,DeepFashion t-shirt: Above Average Linen Tee.,
deepfashion_category/img/Above_Average_Linen_Tee/img_00000022.jpg,deepfashion-6140733a9f150435,deepfashion_actual_images,non_commercial_research_only_deepfashion,t-shirt,Above Average Linen Tee,,DeepFashion t-shirt: Above Average Linen Tee.,
deepfashion_category/img/Above_Average_Linen_Tee/img_00000023.jpg,deepfashion-7f9ea865abedeb9d,deepfashion_actual_images,non_commercial_research_only_deepfashion,t-shirt,Above Average Linen Tee,,DeepFashion t-shirt: Above Average Linen Tee.,
deepfashion_category/img/Above_Average_Linen_Tee/img_00000024.jpg,deepfashion-447955753f926f53,deepfashion_actual_images,non_commercial_research_only_deepfashion,t-shirt,Above Average Linen Tee,,DeepFashion t-shirt: Above Average Linen Tee.,
deepfashion_category/img/Above_Average_Linen_Tee/img_00000025.jpg,deepfashion-f35dca9453c89fa2,deepfashion_actual_images,non_commercial_research_only_deepfashion,t-shirt,Above Average Linen Tee,,DeepFashion t-shirt: Above Average Linen Tee.,
deepfashion_category/img/Above_Average_Linen_Tee/img_00000026.jpg,deepfashion-4c05e6364bd311e9,deepfashion_actual_images,non_commercial_research_only_deepfashion,t-shirt,Above Average Linen Tee,,DeepFashion t-shirt: Above Average Linen Tee.,
deepfashion_category/img/Above_Average_Linen_Tee/img_00000027.jpg,deepfashion-146cd764103f6623,deepfashion_actual_images,non_commercial_research_only_deepfashion,t-shirt,Above Average Linen Tee,,DeepFashion t-shirt: Above Average Linen Tee.,
deepfashion_category/img/Above_Average_Linen_Tee/img_00000028.jpg,deepfashion-b0c5ed7a0855b503,deepfashion_actual_images,non_commercial_research_only_deepfashion,t-shirt,Above Average Linen Tee,,DeepFashion t-shirt: Above Average Linen Tee.,
deepfashion_category/img/Above_Average_Linen_Tee/img_00000029.jpg,deepfashion-47e1eb7c92d26237,deepfashion_actual_images,non_commercial_research_only_deepfashion,t-shirt,Above Average Linen Tee,,DeepFashion t-shirt: Above Average Linen Tee.,
deepfashion_category/img/Above_Average_Linen_Tee/img_00000030.jpg,deepfashion-9e3a4e4f92586307,deepfashion_actual_images,non_commercial_research_only_deepfashion,t-shirt,Above Average Linen Tee,,DeepFashion t-shirt: Above Average Linen Tee.,
deepfashion_category/img/Above_Average_Linen_Tee/img_00000031.jpg,deepfashion-df8a3fa1199b3aba,deepfashion_actual_images,non_commercial_research_only_deepfashion,t-shirt,Above Average Linen Tee,,DeepFashion t-shirt: Above Average Linen Tee.,
deepfashion_category/img/Above_Average_Linen_Tee/img_00000032.jpg,deepfashion-74f3e39ce7db33c7,deepfashion_actual_images,non_commercial_research_only_deepfashion,t-shirt,Above Average Linen Tee,,DeepFashion t-shirt: Above Average Linen Tee.,
deepfashion_category/img/Above_Average_Linen_Tee/img_00000033.jpg,deepfashion-2704c6368af8d67e,deepfashion_actual_images,non_commercial_research_only_deepfashion,t-shirt,Above Average Linen Tee,,DeepFashion t-shirt: Above Average Linen Tee.,
deepfashion_category/img/Above_Average_Linen_Tee/img_00000034.jpg,deepfashion-a3eb66c22575aad6,deepfashion_actual_images,non_commercial_research_only_deepfashion,t-shirt,Above Average Linen Tee,,DeepFashion t-shirt: Above Average Linen Tee.,
deepfashion_category/img/Above_Average_Linen_Tee/img_00000035.jpg,deepfashion-2f3f84fefc567bed,deepfashion_actual_images,non_commercial_research_only_deepfashion,t-shirt,Above Average Linen Tee,,DeepFashion t-shirt: Above Average Linen Tee.,
deepfashion_category/img/Above_Average_Linen_Tee/img_00000036.jpg,deepfashion-7bbd0a34142d5ded,deepfashion_actual_images,non_commercial_research_only_deepfashion,t-shirt,Above Average Linen Tee,,DeepFashion t-shirt: Above Average Linen Tee.,
deepfashion_category/img/Above_Average_Linen_Tee/img_00000037.jpg,deepfashion-deafc69b676cfb6f,deepfashion_actual_images,non_commercial_research_only_deepfashion,t-shirt,Above Average Linen Tee,,DeepFashion t-shirt: Above Average Linen Tee.,
deepfashion_category/img/Above_Average_Linen_Tee/img_00000038.jpg,deepfashion-1ae0045039c28256,deepfashion_actual_images,non_commercial_research_only_deepfashion,t-shirt,Above Average Linen Tee,,DeepFashion t-shirt: Above Average Linen Tee.,
deepfashion_category/img/Above_Average_Linen_Tee/img_00000039.jpg,deepfashion-bab66d60686348d4,deepfashion_actual_images,non_commercial_research_only_deepfashion,t-shirt,Above Average Linen Tee,,DeepFashion t-shirt: Above Average Linen Tee.,
deepfashion_category/img/Above_Average_Linen_Tee/img_00000040.jpg,deepfashion-2c5e7285917461ad,deepfashion_actual_images,non_commercial_research_only_deepfashion,t-shirt,Above Average Linen Tee,,DeepFashion t-shirt: Above Average Linen Tee.,
deepfashion_category/img/Above_Average_Linen_Tee/img_00000041.jpg,deepfashion-e19b207b4412e11c,deepfashion_actual_images,non_commercial_research_only_deepfashion,t-shirt,Above Average Linen Tee,,DeepFashion t-shirt: Above Average Linen Tee.,
deepfashion_category/img/Above_Average_Linen_Tee/img_00000042.jpg,deepfashion-144bf8105920c910,deepfashion_actual_images,non_commercial_research_only_deepfashion,t-shirt,Above Average Linen Tee,,DeepFashion t-shirt: Above Average Linen Tee.,
deepfashion_category/img/Above_Average_Linen_Tee/img_00000043.jpg,deepfashion-b9989b5b21368258,deepfashion_actual_images,non_commercial_research_only_deepfashion,t-shirt,Above Average Linen Tee,,DeepFashion t-shirt: Above Average Linen Tee.,
deepfashion_category/img/Abstract-Embroidered_Glitter_Shorts/img_00000001.jpg,deepfashion-7343f8cde8c82f9e,deepfashion_actual_images,non_commercial_research_only_deepfashion,shorts,Abstract Embroidered Glitter Shorts,,DeepFashion shorts: Abstract Embroidered Glitter Shorts.,
deepfashion_category/img/Abstract-Embroidered_Glitter_Shorts/img_00000002.jpg,deepfashion-397e9917cedea948,deepfashion_actual_images,non_commercial_research_only_deepfashion,shorts,Abstract Embroidered Glitter Shorts,,DeepFashion shorts: Abstract Embroidered Glitter Shorts.,
deepfashion_category/img/Abstract-Embroidered_Glitter_Shorts/img_00000003.jpg,deepfashion-b2317b458bcd92e8,deepfashion_actual_images,non_commercial_research_only_deepfashion,shorts,Abstract Embroidered Glitter Shorts,,DeepFashion shorts: Abstract Embroidered Glitter Shorts.,
deepfashion_category/img/Abstract-Embroidered_Glitter_Shorts/img_00000004.jpg,deepfashion-c8003f696844ad0a,deepfashion_actual_images,non_commercial_research_only_deepfashion,shorts,Abstract Embroidered Glitter Shorts,,DeepFashion shorts: Abstract Embroidered Glitter Shorts.,
deepfashion_category/img/Abstract-Embroidered_Glitter_Shorts/img_00000005.jpg,deepfashion-e0b04500dc7b2b1e,deepfashion_actual_images,non_commercial_research_only_deepfashion,shorts,Abstract Embroidered Glitter Shorts,,DeepFashion shorts: Abstract Embroidered Glitter Shorts.,
deepfashion_category/img/Abstract-Embroidered_Glitter_Shorts/img_00000006.jpg,deepfashion-50f111d9ee50f7bb,deepfashion_actual_images,non_commercial_research_only_deepfashion,shorts,Abstract Embroidered Glitter Shorts,,DeepFashion shorts: Abstract Embroidered Glitter Shorts.,
deepfashion_category/img/Abstract-Embroidered_Glitter_Shorts/img_00000007.jpg,deepfashion-5cd2a9ea76b09095,deepfashion_actual_images,non_commercial_research_only_deepfashion,shorts,Abstract Embroidered Glitter Shorts,,DeepFashion shorts: Abstract Embroidered Glitter Shorts.,
deepfashion_category/img/Abstract-Embroidered_Glitter_Shorts/img_00000008.jpg,deepfashion-f1d4e89d76dcd6f2,deepfashion_actual_images,non_commercial_research_only_deepfashion,shorts,Abstract Embroidered Glitter Shorts,,DeepFashion shorts: Abstract Embroidered Glitter Shorts.,
deepfashion_category/img/Abstract-Embroidered_Glitter_Shorts/img_00000009.jpg,deepfashion-65ed02bfbe64230d,deepfashion_actual_images,non_commercial_research_only_deepfashion,shorts,Abstract Embroidered Glitter Shorts,,DeepFashion shorts: Abstract Embroidered Glitter Shorts.,
deepfashion_category/img/Abstract-Embroidered_Glitter_Shorts/img_00000010.jpg,deepfashion-42da8ebda6201007,deepfashion_actual_images,non_commercial_research_only_deepfashion,shorts,Abstract Embroidered Glitter Shorts,,DeepFashion shorts: Abstract Embroidered Glitter Shorts.,
deepfashion_category/img/Abstract-Embroidered_Glitter_Shorts/img_00000011.jpg,deepfashion-bf0dc7d663fba0d4,deepfashion_actual_images,non_commercial_research_only_deepfashion,shorts,Abstract Embroidered Glitter Shorts,,DeepFashion shorts: Abstract Embroidered Glitter Shorts.,
deepfashion_category/img/Abstract-Embroidered_Glitter_Shorts/img_00000012.jpg,deepfashion-353b8729ff8fdce5,deepfashion_actual_images,non_commercial_research_only_deepfashion,shorts,Abstract Embroidered Glitter Shorts,,DeepFashion shorts: Abstract Embroidered Glitter Shorts.,
deepfashion_category/img/Abstract-Embroidered_Glitter_Shorts/img_00000013.jpg,deepfashion-0d1a8ff7fa386101,deepfashion_actual_images,non_commercial_research_only_deepfashion,shorts,Abstract Embroidered Glitter Shorts,,DeepFashion shorts: Abstract Embroidered Glitter Shorts.,
deepfashion_category/img/Abstract-Embroidered_Glitter_Shorts/img_00000014.jpg,deepfashion-ee572ddaddbf0ab1,deepfashion_actual_images,non_commercial_research_only_deepfashion,shorts,Abstract Embroidered Glitter Shorts,,DeepFashion shorts: Abstract Embroidered Glitter Shorts.,
deepfashion_category/img/Abstract-Embroidered_Glitter_Shorts/img_00000015.jpg,deepfashion-b1ca42a7814e76c1,deepfashion_actual_images,non_commercial_research_only_deepfashion,shorts,Abstract Embroidered Glitter Shorts,,DeepFashion shorts: Abstract Embroidered Glitter Shorts.,
deepfashion_category/img/Abstract-Embroidered_Glitter_Shorts/img_00000016.jpg,deepfashion-b32b673489a7dcda,deepfashion_actual_images,non_commercial_research_only_deepfashion,shorts,Abstract Embroidered Glitter Shorts,,DeepFashion shorts: Abstract Embroidered Glitter Shorts.,
deepfashion_category/img/Abstract-Embroidered_Glitter_Shorts/img_00000017.jpg,deepfashion-c15959b636b5d34a,deepfashion_actual_images,non_commercial_research_only_deepfashion,shorts,Abstract Embroidered Glitter Shorts,,DeepFashion shorts: Abstract Embroidered Glitter Shorts.,
deepfashion_category/img/Abstract-Embroidered_Glitter_Shorts/img_00000018.jpg,deepfashion-7e2dca83509dfbc8,deepfashion_actual_images,non_commercial_research_only_deepfashion,shorts,Abstract Embroidered Glitter Shorts,,DeepFashion shorts: Abstract Embroidered Glitter Shorts.,
deepfashion_category/img/Abstract-Embroidered_Glitter_Shorts/img_00000019.jpg,deepfashion-4f7ea0d6c00fb682,deepfashion_actual_images,non_commercial_research_only_deepfashion,shorts,Abstract Embroidered Glitter Shorts,,DeepFashion shorts: Abstract Embroidered Glitter Shorts.,
deepfashion_category/img/Abstract-Embroidered_Glitter_Shorts/img_00000020.jpg,deepfashion-5f4a4d5f607c8cbd,deepfashion_actual_images,non_commercial_research_only_deepfashion,shorts,Abstract Embroidered Glitter Shorts,,DeepFashion shorts: Abstract Embroidered Glitter Shorts.,
deepfashion_category/img/Abstract-Embroidered_Glitter_Shorts/img_00000021.jpg,deepfashion-4218069bb019499c,deepfashion_actual_images,non_commercial_research_only_deepfashion,shorts,Abstract Embroidered Glitter Shorts,,DeepFashion shorts: Abstract Embroidered Glitter Shorts.,
deepfashion_category/img/Abstract-Embroidered_Glitter_Shorts/img_00000022.jpg,deepfashion-a3e522e8037cb94c,deepfashion_actual_images,non_commercial_research_only_deepfashion,shorts,Abstract Embroidered Glitter Shorts,,DeepFashion shorts: Abstract Embroidered Glitter Shorts.,
deepfashion_category/img/Abstract-Embroidered_Glitter_Shorts/img_00000023.jpg,deepfashion-87760e10d36c4580,deepfashion_actual_images,non_commercial_research_only_deepfashion,shorts,Abstract Embroidered Glitter Shorts,,DeepFashion shorts: Abstract Embroidered Glitter Shorts.,
deepfashion_category/img/Abstract-Embroidered_Glitter_Shorts/img_00000024.jpg,deepfashion-4fca7b37f85ec7d6,deepfashion_actual_images,non_commercial_research_only_deepfashion,shorts,Abstract Embroidered Glitter Shorts,,DeepFashion shorts: Abstract Embroidered Glitter Shorts.,
deepfashion_category/img/Abstract-Embroidered_Glitter_Shorts/img_00000025.jpg,deepfashion-1a2162eb169ef88e,deepfashion_actual_images,non_commercial_research_only_deepfashion,shorts,Abstract Embroidered Glitter Shorts,,DeepFashion shorts: Abstract Embroidered Glitter Shorts.,
deepfashion_category/img/Abstract-Embroidered_Glitter_Shorts/img_00000026.jpg,deepfashion-01590d2181a60e5d,deepfashion_actual_images,non_commercial_research_only_deepfashion,shorts,Abstract Embroidered Glitter Shorts,,DeepFashion shorts: Abstract Embroidered Glitter Shorts.,
deepfashion_category/img/Abstract-Embroidered_Glitter_Shorts/img_00000027.jpg,deepfashion-bd250801d4327e19,deepfashion_actual_images,non_commercial_research_only_deepfashion,shorts,Abstract Embroidered Glitter Shorts,,DeepFashion shorts: Abstract Embroidered Glitter Shorts.,
deepfashion_category/img/Abstract-Embroidered_Glitter_Shorts/img_00000028.jpg,deepfashion-badb046c29d19160,deepfashion_actual_images,non_commercial_research_only_deepfashion,shorts,Abstract Embroidered Glitter Shorts,,DeepFashion shorts: Abstract Embroidered Glitter Shorts.,
deepfashion_category/img/Abstract-Embroidered_Glitter_Shorts/img_00000029.jpg,deepfashion-9389239c2c20d7be,deepfashion_actual_images,non_commercial_research_only_deepfashion,shorts,Abstract Embroidered Glitter Shorts,,DeepFashion shorts: Abstract Embroidered Glitter Shorts.,
deepfashion_category/img/Abstract-Embroidered_Glitter_Shorts/img_00000030.jpg,deepfashion-e418b9dc656f4614,deepfashion_actual_images,non_commercial_research_only_deepfashion,shorts,Abstract Embroidered Glitter Shorts,,DeepFashion shorts: Abstract Embroidered Glitter Shorts.,
deepfashion_category/img/Abstract-Embroidered_Glitter_Shorts/img_00000031.jpg,deepfashion-e681438a35b514da,deepfashion_actual_images,non_commercial_research_only_deepfashion,shorts,Abstract Embroidered Glitter Shorts,,DeepFashion shorts: Abstract Embroidered Glitter Shorts.,
deepfashion_category/img/Abstract-Embroidered_Glitter_Shorts/img_00000032.jpg,deepfashion-76ec8d058554e7b7,deepfashion_actual_images,non_commercial_research_only_deepfashion,shorts,Abstract Embroidered Glitter Shorts,,DeepFashion shorts: Abstract Embroidered Glitter Shorts.,
deepfashion_category/img/Abstract-Embroidered_Glitter_Shorts/img_00000033.jpg,deepfashion-91b55ad6caf97cc2,deepfashion_actual_images,non_commercial_research_only_deepfashion,shorts,Abstract Embroidered Glitter Shorts,,DeepFashion shorts: Abstract Embroidered Glitter Shorts.,
deepfashion_category/img/Abstract-Embroidered_Glitter_Shorts/img_00000034.jpg,deepfashion-eb5584e349bc10dd,deepfashion_actual_images,non_commercial_research_only_deepfashion,shorts,Abstract Embroidered Glitter Shorts,,DeepFashion shorts: Abstract Embroidered Glitter Shorts.,
deepfashion_category/img/Abstract-Embroidered_Glitter_Shorts/img_00000035.jpg,deepfashion-2cbcf621ea17199a,deepfashion_actual_images,non_commercial_research_only_deepfashion,shorts,Abstract Embroidered Glitter Shorts,,DeepFashion shorts: Abstract Embroidered Glitter Shorts.,
deepfashion_category/img/Abstract-Embroidered_Glitter_Shorts/img_00000036.jpg,deepfashion-a9a60eb31ac2ace4,deepfashion_actual_images,non_commercial_research_only_deepfashion,shorts,Abstract Embroidered Glitter Shorts,,DeepFashion shorts: Abstract Embroidered Glitter Shorts.,
deepfashion_category/img/Abstract-Geo_Print_Mini_Skirt/img_00000001.jpg,deepfashion-a7dd725d2873b387,deepfashion_actual_images,non_commercial_research_only_deepfashion,skirt,Abstract Geo Print Mini Skirt,,DeepFashion skirt: Abstract Geo Print Mini Skirt.,
deepfashion_category/img/Abstract-Geo_Print_Mini_Skirt/img_00000002.jpg,deepfashion-2fc2e69b9ed5986b,deepfashion_actual_images,non_commercial_research_only_deepfashion,skirt,Abstract Geo Print Mini Skirt,,DeepFashion skirt: Abstract Geo Print Mini Skirt.,
deepfashion_category/img/Abstract-Geo_Print_Mini_Skirt/img_00000003.jpg,deepfashion-80d59da18bc35b37,deepfashion_actual_images,non_commercial_research_only_deepfashion,skirt,Abstract Geo Print Mini Skirt,,DeepFashion skirt: Abstract Geo Print Mini Skirt.,
deepfashion_category/img/Abstract-Geo_Print_Mini_Skirt/img_00000004.jpg,deepfashion-d16d65c484cf89ce,deepfashion_actual_images,non_commercial_research_only_deepfashion,skirt,Abstract Geo Print Mini Skirt,,DeepFashion skirt: Abstract Geo Print Mini Skirt.,
deepfashion_category/img/Abstract-Geo_Print_Mini_Skirt/img_00000005.jpg,deepfashion-571158120ddb1736,deepfashion_actual_images,non_commercial_research_only_deepfashion,skirt,Abstract Geo Print Mini Skirt,,DeepFashion skirt: Abstract Geo Print Mini Skirt.,
deepfashion_category/img/Abstract-Geo_Print_Mini_Skirt/img_00000006.jpg,deepfashion-1bc40e5cee34b332,deepfashion_actual_images,non_commercial_research_only_deepfashion,skirt,Abstract Geo Print Mini Skirt,,DeepFashion skirt: Abstract Geo Print Mini Skirt.,
deepfashion_category/img/Abstract-Geo_Print_Mini_Skirt/img_00000007.jpg,deepfashion-a20fb23beddef17c,deepfashion_actual_images,non_commercial_research_only_deepfashion,skirt,Abstract Geo Print Mini Skirt,,DeepFashion skirt: Abstract Geo Print Mini Skirt.,
deepfashion_category/img/Abstract-Geo_Print_Mini_Skirt/img_00000008.jpg,deepfashion-b3cf2ca7e0f3aaf0,deepfashion_actual_images,non_commercial_research_only_deepfashion,skirt,Abstract Geo Print Mini Skirt,,DeepFashion skirt: Abstract Geo Print Mini Skirt.,
deepfashion_category/img/Abstract-Geo_Print_Mini_Skirt/img_00000009.jpg,deepfashion-d4b7f973894085ef,deepfashion_actual_images,non_commercial_research_only_deepfashion,skirt,Abstract Geo Print Mini Skirt,,DeepFashion skirt: Abstract Geo Print Mini Skirt.,
deepfashion_category/img/Abstract-Geo_Print_Mini_Skirt/img_00000010.jpg,deepfashion-a146817279f5965e,deepfashion_actual_images,non_commercial_research_only_deepfashion,skirt,Abstract Geo Print Mini Skirt,,DeepFashion skirt: Abstract Geo Print Mini Skirt.,
deepfashion_category/img/Abstract-Geo_Print_Mini_Skirt/img_00000011.jpg,deepfashion-5ab295a3f7824d43,deepfashion_actual_images,non_commercial_research_only_deepfashion,skirt,Abstract Geo Print Mini Skirt,,DeepFashion skirt: Abstract Geo Print Mini Skirt.,
deepfashion_category/img/Abstract-Geo_Print_Mini_Skirt/img_00000012.jpg,deepfashion-c64394e6bca11f0b,deepfashion_actual_images,non_commercial_research_only_deepfashion,skirt,Abstract Geo Print Mini Skirt,,DeepFashion skirt: Abstract Geo Print Mini Skirt.,
deepfashion_category/img/Abstract-Geo_Print_Mini_Skirt/img_00000013.jpg,deepfashion-d1785de018e8ee9b,deepfashion_actual_images,non_commercial_research_only_deepfashion,skirt,Abstract Geo Print Mini Skirt,,DeepFashion skirt: Abstract Geo Print Mini Skirt.,
deepfashion_category/img/Abstract-Geo_Print_Mini_Skirt/img_00000014.jpg,deepfashion-1135e00ff3b39d0f,deepfashion_actual_images,non_commercial_research_only_deepfashion,skirt,Abstract Geo Print Mini Skirt,,DeepFashion skirt: Abstract Geo Print Mini Skirt.,
deepfashion_category/img/Abstract-Geo_Print_Mini_Skirt/img_00000015.jpg,deepfashion-b067de8d1f64a7ae,deepfashion_actual_images,non_commercial_research_only_deepfashion,skirt,Abstract Geo Print Mini Skirt,,DeepFashion skirt: Abstract Geo Print Mini Skirt.,
deepfashion_category/img/Abstract-Geo_Print_Mini_Skirt/img_00000016.jpg,deepfashion-15bb6f1ea38589db,deepfashion_actual_images,non_commercial_research_only_deepfashion,skirt,Abstract Geo Print Mini Skirt,,DeepFashion skirt: Abstract Geo Print Mini Skirt.,
deepfashion_category/img/Abstract-Geo_Print_Mini_Skirt/img_00000017.jpg,deepfashion-2cf8972c127ce43d,deepfashion_actual_images,non_commercial_research_only_deepfashion,skirt,Abstract Geo Print Mini Skirt,,DeepFashion skirt: Abstract Geo Print Mini Skirt.,
deepfashion_category/img/Abstract-Geo_Print_Mini_Skirt/img_00000018.jpg,deepfashion-ee42c47a23670fc0,deepfashion_actual_images,non_commercial_research_only_deepfashion,skirt,Abstract Geo Print Mini Skirt,,DeepFashion skirt: Abstract Geo Print Mini Skirt.,
deepfashion_category/img/Abstract-Geo_Print_Mini_Skirt/img_00000019.jpg,deepfashion-d2b4fbaef291554f,deepfashion_actual_images,non_commercial_research_only_deepfashion,skirt,Abstract Geo Print Mini Skirt,,DeepFashion skirt: Abstract Geo Print Mini Skirt.,
deepfashion_category/img/Abstract-Geo_Print_Mini_Skirt/img_00000020.jpg,deepfashion-40ce82dd8adbcb35,deepfashion_actual_images,non_commercial_research_only_deepfashion,skirt,Abstract Geo Print Mini Skirt,,DeepFashion skirt: Abstract Geo Print Mini Skirt.,
deepfashion_category/img/Abstract-Geo_Print_Mini_Skirt/img_00000021.jpg,deepfashion-fc80851fb9e7ab83,deepfashion_actual_images,non_commercial_research_only_deepfashion,skirt,Abstract Geo Print Mini Skirt,,DeepFashion skirt: Abstract Geo Print Mini Skirt.,
deepfashion_category/img/Abstract-Geo_Print_Mini_Skirt/img_00000022.jpg,deepfashion-6b581fba129c4721,deepfashion_actual_images,non_commercial_research_only_deepfashion,skirt,Abstract Geo Print Mini Skirt,,DeepFashion skirt: Abstract Geo Print Mini Skirt.,
deepfashion_category/img/Abstract-Geo_Print_Mini_Skirt/img_00000023.jpg,deepfashion-775a9b7b9be6cb0b,deepfashion_actual_images,non_commercial_research_only_deepfashion,skirt,Abstract Geo Print Mini Skirt,,DeepFashion skirt: Abstract Geo Print Mini Skirt.,
deepfashion_category/img/Abstract-Geo_Print_Mini_Skirt/img_00000024.jpg,deepfashion-5ec5d4e36c66c5d8,deepfashion_actual_images,non_commercial_research_only_deepfashion,skirt,Abstract Geo Print Mini Skirt,,DeepFashion skirt: Abstract Geo Print Mini Skirt.,
deepfashion_category/img/Abstract-Geo_Print_Mini_Skirt/img_00000025.jpg,deepfashion-0023b57e8c0cfcc6,deepfashion_actual_images,non_commercial_research_only_deepfashion,skirt,Abstract Geo Print Mini Skirt,,DeepFashion skirt: Abstract Geo Print Mini Skirt.,
deepfashion_category/img/Abstract-Geo_Print_Mini_Skirt/img_00000026.jpg,deepfashion-cb4d469b8b2787cf,deepfashion_actual_images,non_commercial_research_only_deepfashion,skirt,Abstract Geo Print Mini Skirt,,DeepFashion skirt: Abstract Geo Print Mini Skirt.,
deepfashion_category/img/Abstract-Geo_Print_Mini_Skirt/img_00000027.jpg,deepfashion-a421e99fc8b61346,deepfashion_actual_images,non_commercial_research_only_deepfashion,skirt,Abstract Geo Print Mini Skirt,,DeepFashion skirt: Abstract Geo Print Mini Skirt.,
deepfashion_category/img/Abstract-Geo_Print_Mini_Skirt/img_00000028.jpg,deepfashion-c454e2f36ffc121d,deepfashion_actual_images,non_commercial_research_only_deepfashion,skirt,Abstract Geo Print Mini Skirt,,DeepFashion skirt: Abstract Geo Print Mini Skirt.,
deepfashion_category/img/Abstract-Geo_Print_Mini_Skirt/img_00000029.jpg,deepfashion-8713eb451e5d526d,deepfashion_actual_images,non_commercial_research_only_deepfashion,skirt,Abstract Geo Print Mini Skirt,,DeepFashion skirt: Abstract Geo Print Mini Skirt.,
deepfashion_category/img/Abstract-Geo_Print_Mini_Skirt/img_00000030.jpg,deepfashion-da8afb40b3b4c725,deepfashion_actual_images,non_commercial_research_only_deepfashion,skirt,Abstract Geo Print Mini Skirt,,DeepFashion skirt: Abstract Geo Print Mini Skirt.,
deepfashion_category/img/Abstract-Geo_Print_Mini_Skirt/img_00000031.jpg,deepfashion-27c0036cbdf351e3,deepfashion_actual_images,non_commercial_research_only_deepfashion,skirt,Abstract Geo Print Mini Skirt,,DeepFashion skirt: Abstract Geo Print Mini Skirt.,
deepfashion_category/img/Abstract-Geo_Print_Mini_Skirt/img_00000032.jpg,deepfashion-6f9ec99c6f47bfe6,deepfashion_actual_images,non_commercial_research_only_deepfashion,skirt,Abstract Geo Print Mini Skirt,,DeepFashion skirt: Abstract Geo Print Mini Skirt.,
deepfashion_category/img/Abstract-Geo_Print_Mini_Skirt/img_00000033.jpg,deepfashion-05716ef566f0daca,deepfashion_actual_images,non_commercial_research_only_deepfashion,skirt,Abstract Geo Print Mini Skirt,,DeepFashion skirt: Abstract Geo Print Mini Skirt.,
deepfashion_category/img/Abstract-Geo_Print_Mini_Skirt/img_00000034.jpg,deepfashion-022806cf101a55c5,deepfashion_actual_images,non_commercial_research_only_deepfashion,skirt,Abstract Geo Print Mini Skirt,,DeepFashion skirt: Abstract Geo Print Mini Skirt.,
deepfashion_category/img/Abstract-Geo_Print_Mini_Skirt/img_00000035.jpg,deepfashion-fdc3e6d12fd2afc6,deepfashion_actual_images,non_commercial_research_only_deepfashion,skirt,Abstract Geo Print Mini Skirt,,DeepFashion skirt: Abstract Geo Print Mini Skirt.,
deepfashion_category/img/Abstract-Geo_Print_Mini_Skirt/img_00000036.jpg,deepfashion-1902479131a459e3,deepfashion_actual_images,non_commercial_research_only_deepfashion,skirt,Abstract Geo Print Mini Skirt,,DeepFashion skirt: Abstract Geo Print Mini Skirt.,
deepfashion_category/img/Abstract-Geo_Print_Mini_Skirt/img_00000037.jpg,deepfashion-376487dac4e0dc68,deepfashion_actual_images,non_commercial_research_only_deepfashion,skirt,Abstract Geo Print Mini Skirt,,DeepFashion skirt: Abstract Geo Print Mini Skirt.,
deepfashion_category/img/Abstract-Geo_Print_Mini_Skirt/img_00000038.jpg,deepfashion-133d6a44268ebbaf,deepfashion_actual_images,non_commercial_research_only_deepfashion,skirt,Abstract Geo Print Mini Skirt,,DeepFashion skirt: Abstract Geo Print Mini Skirt.,
deepfashion_category/img/Abstract-Geo_Print_Mini_Skirt/img_00000039.jpg,deepfashion-6422048762191099,deepfashion_actual_images,non_commercial_research_only_deepfashion,skirt,Abstract Geo Print Mini Skirt,,DeepFashion skirt: Abstract Geo Print Mini Skirt.,
deepfashion_category/img/Abstract-Geo_Print_Mini_Skirt/img_00000040.jpg,deepfashion-1adbcc166aa7ef4e,deepfashion_actual_images,non_commercial_research_only_deepfashion,skirt,Abstract Geo Print Mini Skirt,,DeepFashion skirt: Abstract Geo Print Mini Skirt.,
deepfashion_category/img/Abstract-Geo_Print_Mini_Skirt/img_00000041.jpg,deepfashion-acd34ccffac819e4,deepfashion_actual_images,non_commercial_research_only_deepfashion,skirt,Abstract Geo Print Mini Skirt,,DeepFashion skirt: Abstract Geo Print Mini Skirt.,
deepfashion_category/img/Abstract-Geo_Print_Mini_Skirt/img_00000042.jpg,deepfashion-b24c5cf55aff6520,deepfashion_actual_images,non_commercial_research_only_deepfashion,skirt,Abstract Geo Print Mini Skirt,,DeepFashion skirt: Abstract Geo Print Mini Skirt.,
deepfashion_category/img/Abstract-Geo_Print_Mini_Skirt/img_00000043.jpg,deepfashion-7e7f2375dfe1c7e1,deepfashion_actual_images,non_commercial_research_only_deepfashion,skirt,Abstract Geo Print Mini Skirt,,DeepFashion skirt: Abstract Geo Print Mini Skirt.,
deepfashion_category/img/Abstract-Geo_Print_Mini_Skirt/img_00000044.jpg,deepfashion-5c4ee9a9704ac9c0,deepfashion_actual_images,non_commercial_research_only_deepfashion,skirt,Abstract Geo Print Mini Skirt,,DeepFashion skirt: Abstract Geo Print Mini Skirt.,
deepfashion_category/img/Abstract-Geo_Print_Mini_Skirt/img_00000045.jpg,deepfashion-355e134ef0ff74cf,deepfashion_actual_images,non_commercial_research_only_deepfashion,skirt,Abstract Geo Print Mini Skirt,,DeepFashion skirt: Abstract Geo Print Mini Skirt.,
deepfashion_category/img/Abstract-Geo_Print_Mini_Skirt/img_00000046.jpg,deepfashion-fb03f13136235c9c,deepfashion_actual_images,non_commercial_research_only_deepfashion,skirt,Abstract Geo Print Mini Skirt,,DeepFashion skirt: Abstract Geo Print Mini Skirt.,
deepfashion_category/img/Abstract-Geo_Print_Mini_Skirt/img_00000047.jpg,deepfashion-c46caa39a5cd97f9,deepfashion_actual_images,non_commercial_research_only_deepfashion,skirt,Abstract Geo Print Mini Skirt,,DeepFashion skirt: Abstract Geo Print Mini Skirt.,
deepfashion_category/img/Abstract-Geo_Print_Mini_Skirt/img_00000048.jpg,deepfashion-bf319ac185d6b35f,deepfashion_actual_images,non_commercial_research_only_deepfashion,skirt,Abstract Geo Print Mini Skirt,,DeepFashion skirt: Abstract Geo Print Mini Skirt.,
deepfashion_category/img/Abstract-Geo_Print_Mini_Skirt/img_00000049.jpg,deepfashion-3981a0bf9c4e5145,deepfashion_actual_images,non_commercial_research_only_deepfashion,skirt,Abstract Geo Print Mini Skirt,,DeepFashion skirt: Abstract Geo Print Mini Skirt.,
deepfashion_category/img/Abstract-Paneled_Running_Shorts/img_00000001.jpg,deepfashion-1e715ea081a78509,deepfashion_actual_images,non_commercial_research_only_deepfashion,shorts,Abstract Paneled Running Shorts,,DeepFashion shorts: Abstract Paneled Running Shorts.,
deepfashion_category/img/Abstract-Paneled_Running_Shorts/img_00000002.jpg,deepfashion-bcdd35dfaa3b08b4,deepfashion_actual_images,non_commercial_research_only_deepfashion,shorts,Abstract Paneled Running Shorts,,DeepFashion shorts: Abstract Paneled Running Shorts.,
deepfashion_category/img/Abstract-Paneled_Running_Shorts/img_00000003.jpg,deepfashion-5f7a3ce0ab31ee95,deepfashion_actual_images,non_commercial_research_only_deepfashion,shorts,Abstract Paneled Running Shorts,,DeepFashion shorts: Abstract Paneled Running Shorts.,
deepfashion_category/img/Abstract-Paneled_Running_Shorts/img_00000004.jpg,deepfashion-613c35e6ddc1e2c9,deepfashion_actual_images,non_commercial_research_only_deepfashion,shorts,Abstract Paneled Running Shorts,,DeepFashion shorts: Abstract Paneled Running Shorts.,
deepfashion_category/img/Abstract-Paneled_Running_Shorts/img_00000005.jpg,deepfashion-88d34814cf3d8ca9,deepfashion_actual_images,non_commercial_research_only_deepfashion,shorts,Abstract Paneled Running Shorts,,DeepFashion shorts: Abstract Paneled Running Shorts.,
deepfashion_category/img/Abstract-Paneled_Running_Shorts/img_00000006.jpg,deepfashion-8fc65ac1afc83d8b,deepfashion_actual_images,non_commercial_research_only_deepfashion,shorts,Abstract Paneled Running Shorts,,DeepFashion shorts: Abstract Paneled Running Shorts.,
deepfashion_category/img/Abstract-Paneled_Running_Shorts/img_00000007.jpg,deepfashion-801cf321ff1a274a,deepfashion_actual_images,non_commercial_research_only_deepfashion,shorts,Abstract Paneled Running Shorts,,DeepFashion shorts: Abstract Paneled Running Shorts.,
deepfashion_category/img/Abstract-Paneled_Running_Shorts/img_00000008.jpg,deepfashion-581fb6f5be182a07,deepfashion_actual_images,non_commercial_research_only_deepfashion,shorts,Abstract Paneled Running Shorts,,DeepFashion shorts: Abstract Paneled Running Shorts.,
deepfashion_category/img/Abstract-Paneled_Running_Shorts/img_00000009.jpg,deepfashion-fddfe00117c80938,deepfashion_actual_images,non_commercial_research_only_deepfashion,shorts,Abstract Paneled Running Shorts,,DeepFashion shorts: Abstract Paneled Running Shorts.,
deepfashion_category/img/Abstract-Paneled_Running_Shorts/img_00000010.jpg,deepfashion-793b2393d4f5a17b,deepfashion_actual_images,non_commercial_research_only_deepfashion,shorts,Abstract Paneled Running Shorts,,DeepFashion shorts: Abstract Paneled Running Shorts.,
deepfashion_category/img/Abstract-Paneled_Running_Shorts/img_00000011.jpg,deepfashion-87c1f1d425b46058,deepfashion_actual_images,non_commercial_research_only_deepfashion,shorts,Abstract Paneled Running Shorts,,DeepFashion shorts: Abstract Paneled Running Shorts.,
deepfashion_category/img/Abstract-Paneled_Running_Shorts/img_00000012.jpg,deepfashion-48578ec22014e4cb,deepfashion_actual_images,non_commercial_research_only_deepfashion,shorts,Abstract Paneled Running Shorts,,DeepFashion shorts: Abstract Paneled Running Shorts.,
deepfashion_category/img/Abstract-Paneled_Running_Shorts/img_00000013.jpg,deepfashion-b92be832b1c82748,deepfashion_actual_images,non_commercial_research_only_deepfashion,shorts,Abstract Paneled Running Shorts,,DeepFashion shorts: Abstract Paneled Running Shorts.,
deepfashion_category/img/Abstract-Paneled_Running_Shorts/img_00000014.jpg,deepfashion-28911749a2bb8fcf,deepfashion_actual_images,non_commercial_research_only_deepfashion,shorts,Abstract Paneled Running Shorts,,DeepFashion shorts: Abstract Paneled Running Shorts.,
deepfashion_category/img/Abstract-Paneled_Running_Shorts/img_00000015.jpg,deepfashion-ee0affdaced9ae98,deepfashion_actual_images,non_commercial_research_only_deepfashion,shorts,Abstract Paneled Running Shorts,,DeepFashion shorts: Abstract Paneled Running Shorts.,
deepfashion_category/img/Abstract-Patterned_Blouse/img_00000001.jpg,deepfashion-361dc2f23627ee93,deepfashion_actual_images,non_commercial_research_only_deepfashion,blouse,Abstract Patterned Blouse,,DeepFashion blouse: Abstract Patterned Blouse.,
deepfashion_category/img/Abstract-Patterned_Blouse/img_00000002.jpg,deepfashion-52395958a3af28b2,deepfashion_actual_images,non_commercial_research_only_deepfashion,blouse,Abstract Patterned Blouse,,DeepFashion blouse: Abstract Patterned Blouse.,
deepfashion_category/img/Abstract-Patterned_Blouse/img_00000003.jpg,deepfashion-0d194059dbd8e379,deepfashion_actual_images,non_commercial_research_only_deepfashion,blouse,Abstract Patterned Blouse,,DeepFashion blouse: Abstract Patterned Blouse.,
deepfashion_category/img/Abstract-Patterned_Blouse/img_00000004.jpg,deepfashion-d59f8af8ffe0a401,deepfashion_actual_images,non_commercial_research_only_deepfashion,blouse,Abstract Patterned Blouse,,DeepFashion blouse: Abstract Patterned Blouse.,
deepfashion_category/img/Abstract-Patterned_Blouse/img_00000005.jpg,deepfashion-96e0ffed91e76f62,deepfashion_actual_images,non_commercial_research_only_deepfashion,blouse,Abstract Patterned Blouse,,DeepFashion blouse: Abstract Patterned Blouse.,
deepfashion_category/img/Abstract-Patterned_Blouse/img_00000006.jpg,deepfashion-586aed9fd5892bbc,deepfashion_actual_images,non_commercial_research_only_deepfashion,blouse,Abstract Patterned Blouse,,DeepFashion blouse: Abstract Patterned Blouse.,
deepfashion_category/img/Abstract-Patterned_Blouse/img_00000007.jpg,deepfashion-4b3891f5f7131053,deepfashion_actual_images,non_commercial_research_only_deepfashion,blouse,Abstract Patterned Blouse,,DeepFashion blouse: Abstract Patterned Blouse.,
deepfashion_category/img/Abstract-Patterned_Blouse/img_00000008.jpg,deepfashion-9fd052ea382f07ac,deepfashion_actual_images,non_commercial_research_only_deepfashion,blouse,Abstract Patterned Blouse,,DeepFashion blouse: Abstract Patterned Blouse.,
deepfashion_category/img/Abstract-Patterned_Blouse/img_00000009.jpg,deepfashion-347753322543e1cb,deepfashion_actual_images,non_commercial_research_only_deepfashion,blouse,Abstract Patterned Blouse,,DeepFashion blouse: Abstract Patterned Blouse.,
deepfashion_category/img/Abstract-Patterned_Blouse/img_00000010.jpg,deepfashion-0df15f484527ee81,deepfashion_actual_images,non_commercial_research_only_deepfashion,blouse,Abstract Patterned Blouse,,DeepFashion blouse: Abstract Patterned Blouse.,
deepfashion_category/img/Abstract-Patterned_Blouse/img_00000011.jpg,deepfashion-d140784bff44a635,deepfashion_actual_images,non_commercial_research_only_deepfashion,blouse,Abstract Patterned Blouse,,DeepFashion blouse: Abstract Patterned Blouse.,
deepfashion_category/img/Abstract-Patterned_Blouse/img_00000012.jpg,deepfashion-2e246d73a53a2cb7,deepfashion_actual_images,non_commercial_research_only_deepfashion,blouse,Abstract Patterned Blouse,,DeepFashion blouse: Abstract Patterned Blouse.,
deepfashion_category/img/Abstract-Patterned_Blouse/img_00000013.jpg,deepfashion-9c465b8bc2c074f6,deepfashion_actual_images,non_commercial_research_only_deepfashion,blouse,Abstract Patterned Blouse,,DeepFashion blouse: Abstract Patterned Blouse.,
deepfashion_category/img/Abstract-Patterned_Blouse/img_00000014.jpg,deepfashion-7e4d139a0783f4d5,deepfashion_actual_images,non_commercial_research_only_deepfashion,blouse,Abstract Patterned Blouse,,DeepFashion blouse: Abstract Patterned Blouse.,
deepfashion_category/img/Abstract-Patterned_Blouse/img_00000015.jpg,deepfashion-d5718d238f5f34d8,deepfashion_actual_images,non_commercial_research_only_deepfashion,blouse,Abstract Patterned Blouse,,DeepFashion blouse: Abstract Patterned Blouse.,
deepfashion_category/img/Abstract-Patterned_Blouse/img_00000016.jpg,deepfashion-231a322232209274,deepfashion_actual_images,non_commercial_research_only_deepfashion,blouse,Abstract Patterned Blouse,,DeepFashion blouse: Abstract Patterned Blouse.,
deepfashion_category/img/Abstract-Patterned_Blouse/img_00000017.jpg,deepfashion-f1cb6f1cd77988e0,deepfashion_actual_images,non_commercial_research_only_deepfashion,blouse,Abstract Patterned Blouse,,DeepFashion blouse: Abstract Patterned Blouse.,
deepfashion_category/img/Abstract-Patterned_Blouse/img_00000018.jpg,deepfashion-e29204cc16c3643b,deepfashion_actual_images,non_commercial_research_only_deepfashion,blouse,Abstract Patterned Blouse,,DeepFashion blouse: Abstract Patterned Blouse.,
deepfashion_category/img/Abstract-Patterned_Blouse/img_00000019.jpg,deepfashion-807844025d3610e2,deepfashion_actual_images,non_commercial_research_only_deepfashion,blouse,Abstract Patterned Blouse,,DeepFashion blouse: Abstract Patterned Blouse.,
deepfashion_category/img/Abstract-Patterned_Blouse/img_00000020.jpg,deepfashion-4305515342e76be3,deepfashion_actual_images,non_commercial_research_only_deepfashion,blouse,Abstract Patterned Blouse,,DeepFashion blouse: Abstract Patterned Blouse.,
deepfashion_category/img/Abstract-Patterned_Blouse/img_00000021.jpg,deepfashion-c1772b3da685122a,deepfashion_actual_images,non_commercial_research_only_deepfashion,blouse,Abstract Patterned Blouse,,DeepFashion blouse: Abstract Patterned Blouse.,
deepfashion_category/img/Abstract-Patterned_Blouse/img_00000022.jpg,deepfashion-0d989abc1697ef02,deepfashion_actual_images,non_commercial_research_only_deepfashion,blouse,Abstract Patterned Blouse,,DeepFashion blouse: Abstract Patterned Blouse.,
deepfashion_category/img/Abstract-Patterned_Blouse/img_00000023.jpg,deepfashion-5d5c49fba0811ef6,deepfashion_actual_images,non_commercial_research_only_deepfashion,blouse,Abstract Patterned Blouse,,DeepFashion blouse: Abstract Patterned Blouse.,
deepfashion_category/img/Abstract-Patterned_Blouse/img_00000024.jpg,deepfashion-eece0698b7a5c316,deepfashion_actual_images,non_commercial_research_only_deepfashion,blouse,Abstract Patterned Blouse,,DeepFashion blouse: Abstract Patterned Blouse.,
deepfashion_category/img/Abstract-Patterned_Blouse/img_00000025.jpg,deepfashion-63e1e596b491db2f,deepfashion_actual_images,non_commercial_research_only_deepfashion,blouse,Abstract Patterned Blouse,,DeepFashion blouse: Abstract Patterned Blouse.,
deepfashion_category/img/Abstract-Patterned_Blouse/img_00000026.jpg,deepfashion-248d1fef793f5e21,deepfashion_actual_images,non_commercial_research_only_deepfashion,blouse,Abstract Patterned Blouse,,DeepFashion blouse: Abstract Patterned Blouse.,
deepfashion_category/img/Abstract-Patterned_Blouse/img_00000027.jpg,deepfashion-9da61585e0fb9614,deepfashion_actual_images,non_commercial_research_only_deepfashion,blouse,Abstract Patterned Blouse,,DeepFashion blouse: Abstract Patterned Blouse.,
deepfashion_category/img/Abstract-Patterned_Blouse/img_00000028.jpg,deepfashion-56defe2ebfb61998,deepfashion_actual_images,non_commercial_research_only_deepfashion,blouse,Abstract Patterned Blouse,,DeepFashion blouse: Abstract Patterned Blouse.,
deepfashion_category/img/Abstract-Patterned_Blouse/img_00000029.jpg,deepfashion-af77e4c5598d99a9,deepfashion_actual_images,non_commercial_research_only_deepfashion,blouse,Abstract Patterned Blouse,,DeepFashion blouse: Abstract Patterned Blouse.,
deepfashion_category/img/Abstract-Patterned_Blouse/img_00000030.jpg,deepfashion-0b22c5b0a7803594,deepfashion_actual_images,non_commercial_research_only_deepfashion,blouse,Abstract Patterned Blouse,,DeepFashion blouse: Abstract Patterned Blouse.,
deepfashion_category/img/Abstract-Patterned_Blouse/img_00000031.jpg,deepfashion-c50ab262514ca53d,deepfashion_actual_images,non_commercial_research_only_deepfashion,blouse,Abstract Patterned Blouse,,DeepFashion blouse: Abstract Patterned Blouse.,
deepfashion_category/img/Abstract-Patterned_Blouse/img_00000032.jpg,deepfashion-9f7ccd68d876f916,deepfashion_actual_images,non_commercial_research_only_deepfashion,blouse,Abstract Patterned Blouse,,DeepFashion blouse: Abstract Patterned Blouse.,
deepfashion_category/img/Abstract-Patterned_Blouse/img_00000033.jpg,deepfashion-ec360ac58dc15ad7,deepfashion_actual_images,non_commercial_research_only_deepfashion,blouse,Abstract Patterned Blouse,,DeepFashion blouse: Abstract Patterned Blouse.,
deepfashion_category/img/Abstract-Patterned_Blouse/img_00000034.jpg,deepfashion-699fdb7b619ee5ec,deepfashion_actual_images,non_commercial_research_only_deepfashion,blouse,Abstract Patterned Blouse,,DeepFashion blouse: Abstract Patterned Blouse.,
deepfashion_category/img/Abstract-Patterned_Blouse/img_00000035.jpg,deepfashion-1e8b0c27927d1c77,deepfashion_actual_images,non_commercial_research_only_deepfashion,blouse,Abstract Patterned Blouse,,DeepFashion blouse: Abstract Patterned Blouse.,
deepfashion_category/img/Abstract-Patterned_Blouse/img_00000036.jpg,deepfashion-623c531fd6b53d47,deepfashion_actual_images,non_commercial_research_only_deepfashion,blouse,Abstract Patterned Blouse,,DeepFashion blouse: Abstract Patterned Blouse.,
deepfashion_category/img/Abstract-Patterned_Blouse/img_00000037.jpg,deepfashion-de8f14f35166dc6e,deepfashion_actual_images,non_commercial_research_only_deepfashion,blouse,Abstract Patterned Blouse,,DeepFashion blouse: Abstract Patterned Blouse.,
deepfashion_category/img/Abstract-Patterned_Blouse/img_00000038.jpg,deepfashion-2124a94d6e3230f6,deepfashion_actual_images,non_commercial_research_only_deepfashion,blouse,Abstract Patterned Blouse,,DeepFashion blouse: Abstract Patterned Blouse.,
deepfashion_category/img/Abstract-Patterned_Blouse/img_00000039.jpg,deepfashion-ba1ca3395c1fc04d,deepfashion_actual_images,non_commercial_research_only_deepfashion,blouse,Abstract Patterned Blouse,,DeepFashion blouse: Abstract Patterned Blouse.,
deepfashion_category/img/Abstract-Patterned_Blouse/img_00000040.jpg,deepfashion-e8f66c3e06d54e7d,deepfashion_actual_images,non_commercial_research_only_deepfashion,blouse,Abstract Patterned Blouse,,DeepFashion blouse: Abstract Patterned Blouse.,
deepfashion_category/img/Abstract-Patterned_Blouse/img_00000041.jpg,deepfashion-72da7411a2f8cca7,deepfashion_actual_images,non_commercial_research_only_deepfashion,blouse,Abstract Patterned Blouse,,DeepFashion blouse: Abstract Patterned Blouse.,
deepfashion_category/img/Abstract-Patterned_Blouse/img_00000042.jpg,deepfashion-821c4074acd1434f,deepfashion_actual_images,non_commercial_research_only_deepfashion,blouse,Abstract Patterned Blouse,,DeepFashion blouse: Abstract Patterned Blouse.,
deepfashion_category/img/Abstract-Patterned_Blouse/img_00000043.jpg,deepfashion-224810b955c00232,deepfashion_actual_images,non_commercial_research_only_deepfashion,blouse,Abstract Patterned Blouse,,DeepFashion blouse: Abstract Patterned Blouse.,
deepfashion_category/img/Abstract-Patterned_Blouse/img_00000044.jpg,deepfashion-d1512654122fe423,deepfashion_actual_images,non_commercial_research_only_deepfashion,blouse,Abstract Patterned Blouse,,DeepFashion blouse: Abstract Patterned Blouse.,
deepfashion_category/img/Abstract-Patterned_Blouse/img_00000045.jpg,deepfashion-2177d6de9dd6f337,deepfashion_actual_images,non_commercial_research_only_deepfashion,blouse,Abstract Patterned Blouse,,DeepFashion blouse: Abstract Patterned Blouse.,
deepfashion_category/img/Abstract-Patterned_Blouse/img_00000046.jpg,deepfashion-a3145712c1a8616b,deepfashion_actual_images,non_commercial_research_only_deepfashion,blouse,Abstract Patterned Blouse,,DeepFashion blouse: Abstract Patterned Blouse.,
deepfashion_category/img/Abstract-Patterned_Blouse/img_00000047.jpg,deepfashion-45fd7c71dda9113f,deepfashion_actual_images,non_commercial_research_only_deepfashion,blouse,Abstract Patterned Blouse,,DeepFashion blouse: Abstract Patterned Blouse.,
deepfashion_category/img/Abstract-Patterned_Blouse/img_00000048.jpg,deepfashion-0c1c5c5c089620cf,deepfashion_actual_images,non_commercial_research_only_deepfashion,blouse,Abstract Patterned Blouse,,DeepFashion blouse: Abstract Patterned Blouse.,
deepfashion_category/img/Abstract-Patterned_Blouse/img_00000049.jpg,deepfashion-3f7666e57870f1a4,deepfashion_actual_images,non_commercial_research_only_deepfashion,blouse,Abstract Patterned Blouse,,DeepFashion blouse: Abstract Patterned Blouse.,
deepfashion_category/img/Abstract-Patterned_Blouse/img_00000050.jpg,deepfashion-93cd21af45d931cd,deepfashion_actual_images,non_commercial_research_only_deepfashion,blouse,Abstract Patterned Blouse,,DeepFashion blouse: Abstract Patterned Blouse.,
deepfashion_category/img/Abstract-Patterned_Blouse/img_00000051.jpg,deepfashion-b3106c7e92e7857c,deepfashion_actual_images,non_commercial_research_only_deepfashion,blouse,Abstract Patterned Blouse,,DeepFashion blouse: Abstract Patterned Blouse.,
deepfashion_category/img/Abstract-Patterned_Blouse/img_00000052.jpg,deepfashion-479319cde04c4bb9,deepfashion_actual_images,non_commercial_research_only_deepfashion,blouse,Abstract Patterned Blouse,,DeepFashion blouse: Abstract Patterned Blouse.,
deepfashion_category/img/Abstract-Patterned_Blouse/img_00000053.jpg,deepfashion-64e1d0295cdc1a06,deepfashion_actual_images,non_commercial_research_only_deepfashion,blouse,Abstract Patterned Blouse,,DeepFashion blouse: Abstract Patterned Blouse.,
deepfashion_category/img/Abstract-Patterned_Blouse/img_00000054.jpg,deepfashion-91375b6dea88a418,deepfashion_actual_images,non_commercial_research_only_deepfashion,blouse,Abstract Patterned Blouse,,DeepFashion blouse: Abstract Patterned Blouse.,
deepfashion_category/img/Abstract-Patterned_Blouse/img_00000055.jpg,deepfashion-c494c75380303f83,deepfashion_actual_images,non_commercial_research_only_deepfashion,blouse,Abstract Patterned Blouse,,DeepFashion blouse: Abstract Patterned Blouse.,
deepfashion_category/img/Abstract-Patterned_Blouse/img_00000056.jpg,deepfashion-9f3cd79fa9545672,deepfashion_actual_images,non_commercial_research_only_deepfashion,blouse,Abstract Patterned Blouse,,DeepFashion blouse: Abstract Patterned Blouse.,
deepfashion_category/img/Abstract-Patterned_Blouse/img_00000057.jpg,deepfashion-bb744a6b0588c814,deepfashion_actual_images,non_commercial_research_only_deepfashion,blouse,Abstract Patterned Blouse,,DeepFashion blouse: Abstract Patterned Blouse.,
deepfashion_category/img/Abstract-Patterned_Blouse/img_00000058.jpg,deepfashion-550ac1345ad2f075,deepfashion_actual_images,non_commercial_research_only_deepfashion,blouse,Abstract Patterned Blouse,,DeepFashion blouse: Abstract Patterned Blouse.,
deepfashion_category/img/Abstract-Patterned_Blouse/img_00000059.jpg,deepfashion-7be11cd2a847e7ec,deepfashion_actual_images,non_commercial_research_only_deepfashion,blouse,Abstract Patterned Blouse,,DeepFashion blouse: Abstract Patterned Blouse.,
deepfashion_category/img/Abstract-Patterned_Blouse/img_00000060.jpg,deepfashion-ff025aa021c0f192,deepfashion_actual_images,non_commercial_research_only_deepfashion,blouse,Abstract Patterned Blouse,,DeepFashion blouse: Abstract Patterned Blouse.,
deepfashion_category/img/Abstract-Patterned_Blouse/img_00000061.jpg,deepfashion-7e8e5b2fdce28c54,deepfashion_actual_images,non_commercial_research_only_deepfashion,blouse,Abstract Patterned Blouse,,DeepFashion blouse: Abstract Patterned Blouse.,
deepfashion_category/img/Abstract-Patterned_Blouse/img_00000062.jpg,deepfashion-7ad0898b9e8591b5,deepfashion_actual_images,non_commercial_research_only_deepfashion,blouse,Abstract Patterned Blouse,,DeepFashion blouse: Abstract Patterned Blouse.,
deepfashion_category/img/Abstract-Patterned_Blouse/img_00000063.jpg,deepfashion-9a88fc75fd2c9b17,deepfashion_actual_images,non_commercial_research_only_deepfashion,blouse,Abstract Patterned Blouse,,DeepFashion blouse: Abstract Patterned Blouse.,
deepfashion_category/img/Abstract-Patterned_Blouse/img_00000064.jpg,deepfashion-b2a4fff55c557320,deepfashion_actual_images,non_commercial_research_only_deepfashion,blouse,Abstract Patterned Blouse,,DeepFashion blouse: Abstract Patterned Blouse.,
deepfashion_category/img/Abstract-Patterned_Blouse/img_00000065.jpg,deepfashion-a137e12c09936c04,deepfashion_actual_images,non_commercial_research_only_deepfashion,blouse,Abstract Patterned Blouse,,DeepFashion blouse: Abstract Patterned Blouse.,
deepfashion_category/img/Abstract-Patterned_Blouse/img_00000066.jpg,deepfashion-46e187105cf640c7,deepfashion_actual_images,non_commercial_research_only_deepfashion,blouse,Abstract Patterned Blouse,,DeepFashion blouse: Abstract Patterned Blouse.,
deepfashion_category/img/Abstract-Patterned_Blouse/img_00000067.jpg,deepfashion-74d9402b6968adbb,deepfashion_actual_images,non_commercial_research_only_deepfashion,blouse,Abstract Patterned Blouse,,DeepFashion blouse: Abstract Patterned Blouse.,
deepfashion_category/img/Abstract-Patterned_Blouse/img_00000068.jpg,deepfashion-145f7f8a9d3647bd,deepfashion_actual_images,non_commercial_research_only_deepfashion,blouse,Abstract Patterned Blouse,,DeepFashion blouse: Abstract Patterned Blouse.,
deepfashion_category/img/Abstract-Patterned_Blouse/img_00000069.jpg,deepfashion-a782d7b0ca0a3469,deepfashion_actual_images,non_commercial_research_only_deepfashion,blouse,Abstract Patterned Blouse,,DeepFashion blouse: Abstract Patterned Blouse.,
deepfashion_category/img/Abstract-Patterned_Blouse/img_00000070.jpg,deepfashion-150f5792cd1fc36e,deepfashion_actual_images,non_commercial_research_only_deepfashion,blouse,Abstract Patterned Blouse,,DeepFashion blouse: Abstract Patterned Blouse.,
deepfashion_category/img/Abstract-Patterned_Blouse/img_00000071.jpg,deepfashion-358d6d29882253c7,deepfashion_actual_images,non_commercial_research_only_deepfashion,blouse,Abstract Patterned Blouse,,DeepFashion blouse: Abstract Patterned Blouse.,
deepfashion_category/img/Abstract-Patterned_Blouse/img_00000072.jpg,deepfashion-0018139ac105b12d,deepfashion_actual_images,non_commercial_research_only_deepfashion,blouse,Abstract Patterned Blouse,,DeepFashion blouse: Abstract Patterned Blouse.,
deepfashion_category/img/Abstract-Patterned_Blouse/img_00000073.jpg,deepfashion-84528c403081af54,deepfashion_actual_images,non_commercial_research_only_deepfashion,blouse,Abstract Patterned Blouse,,DeepFashion blouse: Abstract Patterned Blouse.,
deepfashion_category/img/Abstract-Patterned_Blouse/img_00000074.jpg,deepfashion-cfee18074570349e,deepfashion_actual_images,non_commercial_research_only_deepfashion,blouse,Abstract Patterned Blouse,,DeepFashion blouse: Abstract Patterned Blouse.,
deepfashion_category/img/Abstract-Patterned_Blouse/img_00000075.jpg,deepfashion-ec944ae05e253085,deepfashion_actual_images,non_commercial_research_only_deepfashion,blouse,Abstract Patterned Blouse,,DeepFashion blouse: Abstract Patterned Blouse.,
deepfashion_category/img/Abstract-Patterned_Blouse/img_00000076.jpg,deepfashion-96318e551d2f8d9a,deepfashion_actual_images,non_commercial_research_only_deepfashion,blouse,Abstract Patterned Blouse,,DeepFashion blouse: Abstract Patterned Blouse.,
deepfashion_category/img/Abstract-Patterned_Blouse/img_00000077.jpg,deepfashion-eedacbeefbe55cd3,deepfashion_actual_images,non_commercial_research_only_deepfashion,blouse,Abstract Patterned Blouse,,DeepFashion blouse: Abstract Patterned Blouse.,
deepfashion_category/img/Abstract-Patterned_Blouse/img_00000078.jpg,deepfashion-54a484b1f8ccd250,deepfashion_actual_images,non_commercial_research_only_deepfashion,blouse,Abstract Patterned Blouse,,DeepFashion blouse: Abstract Patterned Blouse.,
deepfashion_category/img/Abstract-Patterned_Blouse/img_00000079.jpg,deepfashion-1b08f59ad8b2744d,deepfashion_actual_images,non_commercial_research_only_deepfashion,blouse,Abstract Patterned Blouse,,DeepFashion blouse: Abstract Patterned Blouse.,
deepfashion_category/img/Abstract-Patterned_Blouse/img_00000080.jpg,deepfashion-3b555afdc22a87a8,deepfashion_actual_images,non_commercial_research_only_deepfashion,blouse,Abstract Patterned Blouse,,DeepFashion blouse: Abstract Patterned Blouse.,
deepfashion_category/img/Abstract-Patterned_Blouse/img_00000081.jpg,deepfashion-b747a8b96a517e3b,deepfashion_actual_images,non_commercial_research_only_deepfashion,blouse,Abstract Patterned Blouse,,DeepFashion blouse: Abstract Patterned Blouse.,
deepfashion_category/img/Abstract-Patterned_Blouse/img_00000082.jpg,deepfashion-5466a33989b7cc39,deepfashion_actual_images,non_commercial_research_only_deepfashion,blouse,Abstract Patterned Blouse,,DeepFashion blouse: Abstract Patterned Blouse.,
deepfashion_category/img/Abstract-Patterned_Blouse/img_00000083.jpg,deepfashion-3667d8e4561cc403,deepfashion_actual_images,non_commercial_research_only_deepfashion,blouse,Abstract Patterned Blouse,,DeepFashion blouse: Abstract Patterned Blouse.,
deepfashion_category/img/Abstract-Patterned_Blouse/img_00000084.jpg,deepfashion-b689257fc8b73530,deepfashion_actual_images,non_commercial_research_only_deepfashion,blouse,Abstract Patterned Blouse,,DeepFashion blouse: Abstract Patterned Blouse.,
deepfashion_category/img/Abstract-Patterned_Blouse/img_00000085.jpg,deepfashion-f9e0861b6bb4c0de,deepfashion_actual_images,non_commercial_research_only_deepfashion,blouse,Abstract Patterned Blouse,,DeepFashion blouse: Abstract Patterned Blouse.,
deepfashion_category/img/Abstract-Patterned_Blouse/img_00000086.jpg,deepfashion-40502538bcece484,deepfashion_actual_images,non_commercial_research_only_deepfashion,blouse,Abstract Patterned Blouse,,DeepFashion blouse: Abstract Patterned Blouse.,
deepfashion_category/img/Abstract-Patterned_Blouse/img_00000087.jpg,deepfashion-f40592365f076fe5,deepfashion_actual_images,non_commercial_research_only_deepfashion,blouse,Abstract Patterned Blouse,,DeepFashion blouse: Abstract Patterned Blouse.,
deepfashion_category/img/Abstract-Patterned_Blouse/img_00000088.jpg,deepfashion-83fc6abaddc21efb,deepfashion_actual_images,non_commercial_research_only_deepfashion,blouse,Abstract Patterned Blouse,,DeepFashion blouse: Abstract Patterned Blouse.,
deepfashion_category/img/Abstract-Patterned_Blouse/img_00000089.jpg,deepfashion-20a3c94842da8de2,deepfashion_actual_images,non_commercial_research_only_deepfashion,blouse,Abstract Patterned Blouse,,DeepFashion blouse: Abstract Patterned Blouse.,
deepfashion_category/img/Abstract-Patterned_Blouse/img_00000090.jpg,deepfashion-1eb003f003eadb5b,deepfashion_actual_images,non_commercial_research_only_deepfashion,blouse,Abstract Patterned Blouse,,DeepFashion blouse: Abstract Patterned Blouse.,
deepfashion_category/img/Abstract-Patterned_Blouse/img_00000091.jpg,deepfashion-45676fab35a1a035,deepfashion_actual_images,non_commercial_research_only_deepfashion,blouse,Abstract Patterned Blouse,,DeepFashion blouse: Abstract Patterned Blouse.,
deepfashion_category/img/Abstract-Patterned_Blouse/img_00000092.jpg,deepfashion-8ceb6724907a63ec,deepfashion_actual_images,non_commercial_research_only_deepfashion,blouse,Abstract Patterned Blouse,,DeepFashion blouse: Abstract Patterned Blouse.,
deepfashion_category/img/Abstract-Patterned_Blouse/img_00000093.jpg,deepfashion-d8c9c3b109f41b20,deepfashion_actual_images,non_commercial_research_only_deepfashion,blouse,Abstract Patterned Blouse,,DeepFashion blouse: Abstract Patterned Blouse.,
deepfashion_category/img/Abstract-Patterned_Blouse/img_00000094.jpg,deepfashion-488f3a952ca41c06,deepfashion_actual_images,non_commercial_research_only_deepfashion,blouse,Abstract Patterned Blouse,,DeepFashion blouse: Abstract Patterned Blouse.,
deepfashion_category/img/Abstract-Patterned_Blouse/img_00000095.jpg,deepfashion-86928c3e70b0676a,deepfashion_actual_images,non_commercial_research_only_deepfashion,blouse,Abstract Patterned Blouse,,DeepFashion blouse: Abstract Patterned Blouse.,
deepfashion_category/img/Abstract-Patterned_Blouse/img_00000096.jpg,deepfashion-48dd7042cd3db630,deepfashion_actual_images,non_commercial_research_only_deepfashion,blouse,Abstract Patterned Blouse,,DeepFashion blouse: Abstract Patterned Blouse.,
deepfashion_category/img/Abstract-Patterned_Blouse/img_00000097.jpg,deepfashion-cba224c902f17a60,deepfashion_actual_images,non_commercial_research_only_deepfashion,blouse,Abstract Patterned Blouse,,DeepFashion blouse: Abstract Patterned Blouse.,
deepfashion_category/img/Abstract-Patterned_Blouse/img_00000098.jpg,deepfashion-9a33feb7da0e75fb,deepfashion_actual_images,non_commercial_research_only_deepfashion,blouse,Abstract Patterned Blouse,,DeepFashion blouse: Abstract Patterned Blouse.,
deepfashion_category/img/Abstract-Patterned_Blouse/img_00000099.jpg,deepfashion-89b9a51fc311a766,deepfashion_actual_images,non_commercial_research_only_deepfashion,blouse,Abstract Patterned Blouse,,DeepFashion blouse: Abstract Patterned Blouse.,
deepfashion_category/img/Abstract-Patterned_Blouse/img_00000100.jpg,deepfashion-22259698d805d36a,deepfashion_actual_images,non_commercial_research_only_deepfashion,blouse,Abstract Patterned Blouse,,DeepFashion blouse: Abstract Patterned Blouse.,
deepfashion_category/img/Abstract-Patterned_Blouse/img_00000101.jpg,deepfashion-af3f929303bfda5e,deepfashion_actual_images,non_commercial_research_only_deepfashion,blouse,Abstract Patterned Blouse,,DeepFashion blouse: Abstract Patterned Blouse.,
deepfashion_category/img/Abstract-Patterned_Blouse/img_00000102.jpg,deepfashion-843ae109ca680175,deepfashion_actual_images,non_commercial_research_only_deepfashion,blouse,Abstract Patterned Blouse,,DeepFashion blouse: Abstract Patterned Blouse.,
deepfashion_category/img/Abstract-Patterned_Blouse/img_00000103.jpg,deepfashion-f4541ffea927edfc,deepfashion_actual_images,non_commercial_research_only_deepfashion,blouse,Abstract Patterned Blouse,,DeepFashion blouse: Abstract Patterned Blouse.,
deepfashion_category/img/Abstract-Patterned_Blouse/img_00000104.jpg,deepfashion-ca36b35bce0fe51d,deepfashion_actual_images,non_commercial_research_only_deepfashion,blouse,Abstract Patterned Blouse,,DeepFashion blouse: Abstract Patterned Blouse.,
deepfashion_category/img/Abstract-Patterned_Blouse/img_00000105.jpg,deepfashion-8bda41cea462204a,deepfashion_actual_images,non_commercial_research_only_deepfashion,blouse,Abstract Patterned Blouse,,DeepFashion blouse: Abstract Patterned Blouse.,
deepfashion_category/img/Abstract-Patterned_Blouse/img_00000106.jpg,deepfashion-f04f37d3d1a5f99a,deepfashion_actual_images,non_commercial_research_only_deepfashion,blouse,Abstract Patterned Blouse,,DeepFashion blouse: Abstract Patterned Blouse.,
deepfashion_category/img/Abstract-Patterned_Blouse/img_00000107.jpg,deepfashion-fafa0262a7f0acd1,deepfashion_actual_images,non_commercial_research_only_deepfashion,blouse,Abstract Patterned Blouse,,DeepFashion blouse: Abstract Patterned Blouse.,
deepfashion_category/img/Abstract-Patterned_Blouse/img_00000108.jpg,deepfashion-ba5bada10cf24954,deepfashion_actual_images,non_commercial_research_only_deepfashion,blouse,Abstract Patterned Blouse,,DeepFashion blouse: Abstract Patterned Blouse.,
deepfashion_category/img/Abstract-Plaid_Ruffled_Bell_Sleeve_Top/img_00000001.jpg,deepfashion-fb4b7f3ce590f088,deepfashion_actual_images,non_commercial_research_only_deepfashion,top,Abstract Plaid Ruffled Bell Sleeve Top,,DeepFashion top: Abstract Plaid Ruffled Bell Sleeve Top.,
deepfashion_category/img/Abstract-Plaid_Ruffled_Bell_Sleeve_Top/img_00000002.jpg,deepfashion-fceaec6fc8517036,deepfashion_actual_images,non_commercial_research_only_deepfashion,top,Abstract Plaid Ruffled Bell Sleeve Top,,DeepFashion top: Abstract Plaid Ruffled Bell Sleeve Top.,
deepfashion_category/img/Abstract-Plaid_Ruffled_Bell_Sleeve_Top/img_00000003.jpg,deepfashion-f5ac27d5588c6b67,deepfashion_actual_images,non_commercial_research_only_deepfashion,top,Abstract Plaid Ruffled Bell Sleeve Top,,DeepFashion top: Abstract Plaid Ruffled Bell Sleeve Top.,
deepfashion_category/img/Abstract-Plaid_Ruffled_Bell_Sleeve_Top/img_00000004.jpg,deepfashion-c23cb0539ab02915,deepfashion_actual_images,non_commercial_research_only_deepfashion,top,Abstract Plaid Ruffled Bell Sleeve Top,,DeepFashion top: Abstract Plaid Ruffled Bell Sleeve Top.,
deepfashion_category/img/Abstract-Plaid_Ruffled_Bell_Sleeve_Top/img_00000005.jpg,deepfashion-47c3d9a39c4eb839,deepfashion_actual_images,non_commercial_research_only_deepfashion,top,Abstract Plaid Ruffled Bell Sleeve Top,,DeepFashion top: Abstract Plaid Ruffled Bell Sleeve Top.,
deepfashion_category/img/Abstract-Plaid_Ruffled_Bell_Sleeve_Top/img_00000006.jpg,deepfashion-0b9b0c44cba53cd3,deepfashion_actual_images,non_commercial_research_only_deepfashion,top,Abstract Plaid Ruffled Bell Sleeve Top,,DeepFashion top: Abstract Plaid Ruffled Bell Sleeve Top.,
deepfashion_category/img/Abstract-Plaid_Ruffled_Bell_Sleeve_Top/img_00000007.jpg,deepfashion-2f29cdc512324cd2,deepfashion_actual_images,non_commercial_research_only_deepfashion,top,Abstract Plaid Ruffled Bell Sleeve Top,,DeepFashion top: Abstract Plaid Ruffled Bell Sleeve Top.,
deepfashion_category/img/Abstract-Plaid_Ruffled_Bell_Sleeve_Top/img_00000008.jpg,deepfashion-0e54fdb30ef7d85f,deepfashion_actual_images,non_commercial_research_only_deepfashion,top,Abstract Plaid Ruffled Bell Sleeve Top,,DeepFashion top: Abstract Plaid Ruffled Bell Sleeve Top.,
deepfashion_category/img/Abstract-Plaid_Ruffled_Bell_Sleeve_Top/img_00000009.jpg,deepfashion-bf778be203bf4d38,deepfashion_actual_images,non_commercial_research_only_deepfashion,top,Abstract Plaid Ruffled Bell Sleeve Top,,DeepFashion top: Abstract Plaid Ruffled Bell Sleeve Top.,
deepfashion_category/img/Abstract-Plaid_Ruffled_Bell_Sleeve_Top/img_00000010.jpg,deepfashion-ea6f92f41703c832,deepfashion_actual_images,non_commercial_research_only_deepfashion,top,Abstract Plaid Ruffled Bell Sleeve Top,,DeepFashion top: Abstract Plaid Ruffled Bell Sleeve Top.,
deepfashion_category/img/Abstract-Plaid_Ruffled_Bell_Sleeve_Top/img_00000011.jpg,deepfashion-278b051a6b2f2a50,deepfashion_actual_images,non_commercial_research_only_deepfashion,top,Abstract Plaid Ruffled Bell Sleeve Top,,DeepFashion top: Abstract Plaid Ruffled Bell Sleeve Top.,
deepfashion_category/img/Abstract-Plaid_Ruffled_Bell_Sleeve_Top/img_00000012.jpg,deepfashion-c9aa1c88a9c50435,deepfashion_actual_images,non_commercial_research_only_deepfashion,top,Abstract Plaid Ruffled Bell Sleeve Top,,DeepFashion top: Abstract Plaid Ruffled Bell Sleeve Top.,
deepfashion_category/img/Abstract-Plaid_Ruffled_Bell_Sleeve_Top/img_00000013.jpg,deepfashion-0742190d59b80c15,deepfashion_actual_images,non_commercial_research_only_deepfashion,top,Abstract Plaid Ruffled Bell Sleeve Top,,DeepFashion top: Abstract Plaid Ruffled Bell Sleeve Top.,
deepfashion_category/img/Abstract-Plaid_Ruffled_Bell_Sleeve_Top/img_00000014.jpg,deepfashion-4a57e4c83099096f,deepfashion_actual_images,non_commercial_research_only_deepfashion,top,Abstract Plaid Ruffled Bell Sleeve Top,,DeepFashion top: Abstract Plaid Ruffled Bell Sleeve Top.,
deepfashion_category/img/Abstract-Plaid_Ruffled_Bell_Sleeve_Top/img_00000015.jpg,deepfashion-0a9624c0c449986e,deepfashion_actual_images,non_commercial_research_only_deepfashion,top,Abstract Plaid Ruffled Bell Sleeve Top,,DeepFashion top: Abstract Plaid Ruffled Bell Sleeve Top.,
deepfashion_category/img/Abstract-Plaid_Ruffled_Bell_Sleeve_Top/img_00000016.jpg,deepfashion-71c103d783fc2484,deepfashion_actual_images,non_commercial_research_only_deepfashion,top,Abstract Plaid Ruffled Bell Sleeve Top,,DeepFashion top: Abstract Plaid Ruffled Bell Sleeve Top.,
deepfashion_category/img/Abstract-Plaid_Ruffled_Bell_Sleeve_Top/img_00000017.jpg,deepfashion-df3caf58e68714eb,deepfashion_actual_images,non_commercial_research_only_deepfashion,top,Abstract Plaid Ruffled Bell Sleeve Top,,DeepFashion top: Abstract Plaid Ruffled Bell Sleeve Top.,
deepfashion_category/img/Abstract-Plaid_Ruffled_Bell_Sleeve_Top/img_00000018.jpg,deepfashion-f630659b60370693,deepfashion_actual_images,non_commercial_research_only_deepfashion,top,Abstract Plaid Ruffled Bell Sleeve Top,,DeepFashion top: Abstract Plaid Ruffled Bell Sleeve Top.,
deepfashion_category/img/Abstract-Plaid_Ruffled_Bell_Sleeve_Top/img_00000019.jpg,deepfashion-44f70324f15e744d,deepfashion_actual_images,non_commercial_research_only_deepfashion,top,Abstract Plaid Ruffled Bell Sleeve Top,,DeepFashion top: Abstract Plaid Ruffled Bell Sleeve Top.,
deepfashion_category/img/Abstract-Plaid_Ruffled_Bell_Sleeve_Top/img_00000020.jpg,deepfashion-a4bba1303dd092de,deepfashion_actual_images,non_commercial_research_only_deepfashion,top,Abstract Plaid Ruffled Bell Sleeve Top,,DeepFashion top: Abstract Plaid Ruffled Bell Sleeve Top.,
deepfashion_category/img/Abstract-Plaid_Ruffled_Bell_Sleeve_Top/img_00000021.jpg,deepfashion-ff3c8efca8a5e786,deepfashion_actual_images,non_commercial_research_only_deepfashion,top,Abstract Plaid Ruffled Bell Sleeve Top,,DeepFashion top: Abstract Plaid Ruffled Bell Sleeve Top.,
deepfashion_category/img/Abstract-Plaid_Ruffled_Bell_Sleeve_Top/img_00000022.jpg,deepfashion-423730350554dcf0,deepfashion_actual_images,non_commercial_research_only_deepfashion,top,Abstract Plaid Ruffled Bell Sleeve Top,,DeepFashion top: Abstract Plaid Ruffled Bell Sleeve Top.,
deepfashion_category/img/Abstract-Plaid_Ruffled_Bell_Sleeve_Top/img_00000023.jpg,deepfashion-e0bdbf000f796b96,deepfashion_actual_images,non_commercial_research_only_deepfashion,top,Abstract Plaid Ruffled Bell Sleeve Top,,DeepFashion top: Abstract Plaid Ruffled Bell Sleeve Top.,
deepfashion_category/img/Abstract-Plaid_Ruffled_Bell_Sleeve_Top/img_00000024.jpg,deepfashion-fab97e63d71a8f9d,deepfashion_actual_images,non_commercial_research_only_deepfashion,top,Abstract Plaid Ruffled Bell Sleeve Top,,DeepFashion top: Abstract Plaid Ruffled Bell Sleeve Top.,
deepfashion_category/img/Abstract-Plaid_Ruffled_Bell_Sleeve_Top/img_00000025.jpg,deepfashion-9aa3a319e4021088,deepfashion_actual_images,non_commercial_research_only_deepfashion,top,Abstract Plaid Ruffled Bell Sleeve Top,,DeepFashion top: Abstract Plaid Ruffled Bell Sleeve Top.,
deepfashion_category/img/Abstract-Plaid_Ruffled_Bell_Sleeve_Top/img_00000026.jpg,deepfashion-abaadca8876e439c,deepfashion_actual_images,non_commercial_research_only_deepfashion,top,Abstract Plaid Ruffled Bell Sleeve Top,,DeepFashion top: Abstract Plaid Ruffled Bell Sleeve Top.,
deepfashion_category/img/Abstract-Plaid_Ruffled_Bell_Sleeve_Top/img_00000027.jpg,deepfashion-8dbbf52f6ee2c5c7,deepfashion_actual_images,non_commercial_research_only_deepfashion,top,Abstract Plaid Ruffled Bell Sleeve Top,,DeepFashion top: Abstract Plaid Ruffled Bell Sleeve Top.,
deepfashion_category/img/Abstract-Plaid_Ruffled_Bell_Sleeve_Top/img_00000028.jpg,deepfashion-82b253f54df13519,deepfashion_actual_images,non_commercial_research_only_deepfashion,top,Abstract Plaid Ruffled Bell Sleeve Top,,DeepFashion top: Abstract Plaid Ruffled Bell Sleeve Top.,
deepfashion_category/img/Abstract-Plaid_Ruffled_Bell_Sleeve_Top/img_00000029.jpg,deepfashion-4a4dc10479ab0ca8,deepfashion_actual_images,non_commercial_research_only_deepfashion,top,Abstract Plaid Ruffled Bell Sleeve Top,,DeepFashion top: Abstract Plaid Ruffled Bell Sleeve Top.,
deepfashion_category/img/Abstract-Plaid_Ruffled_Bell_Sleeve_Top/img_00000030.jpg,deepfashion-b760bda12fdbec7c,deepfashion_actual_images,non_commercial_research_only_deepfashion,top,Abstract Plaid Ruffled Bell Sleeve Top,,DeepFashion top: Abstract Plaid Ruffled Bell Sleeve Top.,
deepfashion_category/img/Abstract-Plaid_Ruffled_Bell_Sleeve_Top/img_00000031.jpg,deepfashion-a0ab5dcc1ab8ee3d,deepfashion_actual_images,non_commercial_research_only_deepfashion,top,Abstract Plaid Ruffled Bell Sleeve Top,,DeepFashion top: Abstract Plaid Ruffled Bell Sleeve Top.,
deepfashion_category/img/Abstract-Plaid_Ruffled_Bell_Sleeve_Top/img_00000032.jpg,deepfashion-9d5c420dbe9e06be,deepfashion_actual_images,non_commercial_research_only_deepfashion,top,Abstract Plaid Ruffled Bell Sleeve Top,,DeepFashion top: Abstract Plaid Ruffled Bell Sleeve Top.,
deepfashion_category/img/Abstract-Plaid_Ruffled_Bell_Sleeve_Top/img_00000033.jpg,deepfashion-7752cca8fb97965d,deepfashion_actual_images,non_commercial_research_only_deepfashion,top,Abstract Plaid Ruffled Bell Sleeve Top,,DeepFashion top: Abstract Plaid Ruffled Bell Sleeve Top.,
deepfashion_category/img/Abstract-Plaid_Ruffled_Bell_Sleeve_Top/img_00000034.jpg,deepfashion-523f301ee7799a8e,deepfashion_actual_images,non_commercial_research_only_deepfashion,top,Abstract Plaid Ruffled Bell Sleeve Top,,DeepFashion top: Abstract Plaid Ruffled Bell Sleeve Top.,
deepfashion_category/img/Abstract-Plaid_Ruffled_Bell_Sleeve_Top/img_00000035.jpg,deepfashion-e7e06f7a50b38462,deepfashion_actual_images,non_commercial_research_only_deepfashion,top,Abstract Plaid Ruffled Bell Sleeve Top,,DeepFashion top: Abstract Plaid Ruffled Bell Sleeve Top.,
deepfashion_category/img/Abstract-Plaid_Ruffled_Bell_Sleeve_Top/img_00000036.jpg,deepfashion-7960ebc937173d32,deepfashion_actual_images,non_commercial_research_only_deepfashion,top,Abstract Plaid Ruffled Bell Sleeve Top,,DeepFashion top: Abstract Plaid Ruffled Bell Sleeve Top.,
deepfashion_category/img/Abstract-Plaid_Ruffled_Bell_Sleeve_Top/img_00000037.jpg,deepfashion-bbe695775164e99c,deepfashion_actual_images,non_commercial_research_only_deepfashion,top,Abstract Plaid Ruffled Bell Sleeve Top,,DeepFashion top: Abstract Plaid Ruffled Bell Sleeve Top.,
deepfashion_category/img/Abstract-Plaid_Ruffled_Bell_Sleeve_Top/img_00000038.jpg,deepfashion-403d470bf6633bb6,deepfashion_actual_images,non_commercial_research_only_deepfashion,top,Abstract Plaid Ruffled Bell Sleeve Top,,DeepFashion top: Abstract Plaid Ruffled Bell Sleeve Top.,
deepfashion_category/img/Abstract-Plaid_Ruffled_Bell_Sleeve_Top/img_00000039.jpg,deepfashion-a226fcb1d109ee8d,deepfashion_actual_images,non_commercial_research_only_deepfashion,top,Abstract Plaid Ruffled Bell Sleeve Top,,DeepFashion top: Abstract Plaid Ruffled Bell Sleeve Top.,
deepfashion_category/img/Abstract-Plaid_Ruffled_Bell_Sleeve_Top/img_00000040.jpg,deepfashion-98c8816ad9033b77,deepfashion_actual_images,non_commercial_research_only_deepfashion,top,Abstract Plaid Ruffled Bell Sleeve Top,,DeepFashion top: Abstract Plaid Ruffled Bell Sleeve Top.,
deepfashion_category/img/Abstract-Plaid_Ruffled_Bell_Sleeve_Top/img_00000041.jpg,deepfashion-41063ab228c19052,deepfashion_actual_images,non_commercial_research_only_deepfashion,top,Abstract Plaid Ruffled Bell Sleeve Top,,DeepFashion top: Abstract Plaid Ruffled Bell Sleeve Top.,
deepfashion_category/img/Abstract-Plaid_Ruffled_Bell_Sleeve_Top/img_00000042.jpg,deepfashion-05a7121ee3605a2b,deepfashion_actual_images,non_commercial_research_only_deepfashion,top,Abstract Plaid Ruffled Bell Sleeve Top,,DeepFashion top: Abstract Plaid Ruffled Bell Sleeve Top.,
deepfashion_category/img/Abstract-Plaid_Ruffled_Bell_Sleeve_Top/img_00000043.jpg,deepfashion-5c0c79f04fd1c02f,deepfashion_actual_images,non_commercial_research_only_deepfashion,top,Abstract Plaid Ruffled Bell Sleeve Top,,DeepFashion top: Abstract Plaid Ruffled Bell Sleeve Top.,
deepfashion_category/img/Abstract-Plaid_Ruffled_Bell_Sleeve_Top/img_00000044.jpg,deepfashion-be2c66fab5233f00,deepfashion_actual_images,non_commercial_research_only_deepfashion,top,Abstract Plaid Ruffled Bell Sleeve Top,,DeepFashion top: Abstract Plaid Ruffled Bell Sleeve Top.,
deepfashion_category/img/Abstract-Printed_Capri_Leggings/img_00000001.jpg,deepfashion-6c21aee519868ba1,deepfashion_actual_images,non_commercial_research_only_deepfashion,pants,Abstract Printed Capri Leggings,,DeepFashion pants: Abstract Printed Capri Leggings.,
deepfashion_category/img/Abstract-Printed_Capri_Leggings/img_00000002.jpg,deepfashion-b5000b2718bfc0d0,deepfashion_actual_images,non_commercial_research_only_deepfashion,pants,Abstract Printed Capri Leggings,,DeepFashion pants: Abstract Printed Capri Leggings.,
deepfashion_category/img/Abstract-Printed_Capri_Leggings/img_00000003.jpg,deepfashion-8bf5741c5fc8ad24,deepfashion_actual_images,non_commercial_research_only_deepfashion,pants,Abstract Printed Capri Leggings,,DeepFashion pants: Abstract Printed Capri Leggings.,
deepfashion_category/img/Abstract-Printed_Capri_Leggings/img_00000004.jpg,deepfashion-6d1df4a501cb7ef8,deepfashion_actual_images,non_commercial_research_only_deepfashion,pants,Abstract Printed Capri Leggings,,DeepFashion pants: Abstract Printed Capri Leggings.,
deepfashion_category/img/Abstract-Printed_Capri_Leggings/img_00000005.jpg,deepfashion-67f438a51ae3bf40,deepfashion_actual_images,non_commercial_research_only_deepfashion,pants,Abstract Printed Capri Leggings,,DeepFashion pants: Abstract Printed Capri Leggings.,
deepfashion_category/img/Abstract-Printed_Capri_Leggings/img_00000006.jpg,deepfashion-4b7a801133fda640,deepfashion_actual_images,non_commercial_research_only_deepfashion,pants,Abstract Printed Capri Leggings,,DeepFashion pants: Abstract Printed Capri Leggings.,
deepfashion_category/img/Abstract-Printed_Capri_Leggings/img_00000007.jpg,deepfashion-251755cbe8a05393,deepfashion_actual_images,non_commercial_research_only_deepfashion,pants,Abstract Printed Capri Leggings,,DeepFashion pants: Abstract Printed Capri Leggings.,
deepfashion_category/img/Abstract-Printed_Capri_Leggings/img_00000008.jpg,deepfashion-1a804ab023b9a8c6,deepfashion_actual_images,non_commercial_research_only_deepfashion,pants,Abstract Printed Capri Leggings,,DeepFashion pants: Abstract Printed Capri Leggings.,
deepfashion_category/img/Abstract-Printed_Capri_Leggings/img_00000009.jpg,deepfashion-1f5df8ca45a9152d,deepfashion_actual_images,non_commercial_research_only_deepfashion,pants,Abstract Printed Capri Leggings,,DeepFashion pants: Abstract Printed Capri Leggings.,
deepfashion_category/img/Abstract-Printed_Capri_Leggings/img_00000010.jpg,deepfashion-fddb2870f70cc83e,deepfashion_actual_images,non_commercial_research_only_deepfashion,pants,Abstract Printed Capri Leggings,,DeepFashion pants: Abstract Printed Capri Leggings.,
deepfashion_category/img/Abstract-Printed_Capri_Leggings/img_00000011.jpg,deepfashion-aa55fb6ebfca5c56,deepfashion_actual_images,non_commercial_research_only_deepfashion,pants,Abstract Printed Capri Leggings,,DeepFashion pants: Abstract Printed Capri Leggings.,
deepfashion_category/img/Abstract-Printed_Capri_Leggings/img_00000012.jpg,deepfashion-0b3132a928d95706,deepfashion_actual_images,non_commercial_research_only_deepfashion,pants,Abstract Printed Capri Leggings,,DeepFashion pants: Abstract Printed Capri Leggings.,
deepfashion_category/img/Abstract-Printed_Capri_Leggings/img_00000013.jpg,deepfashion-03edd733918b738b,deepfashion_actual_images,non_commercial_research_only_deepfashion,pants,Abstract Printed Capri Leggings,,DeepFashion pants: Abstract Printed Capri Leggings.,
deepfashion_category/img/Abstract-Printed_Capri_Leggings/img_00000014.jpg,deepfashion-5b69c3226b5aa5be,deepfashion_actual_images,non_commercial_research_only_deepfashion,pants,Abstract Printed Capri Leggings,,DeepFashion pants: Abstract Printed Capri Leggings.,
deepfashion_category/img/Abstract-Printed_Capri_Leggings/img_00000015.jpg,deepfashion-4e600d3b9dee0a89,deepfashion_actual_images,non_commercial_research_only_deepfashion,pants,Abstract Printed Capri Leggings,,DeepFashion pants: Abstract Printed Capri Leggings.,
deepfashion_category/img/Abstract-Printed_Capri_Leggings/img_00000016.jpg,deepfashion-e424c507fe0ba120,deepfashion_actual_images,non_commercial_research_only_deepfashion,pants,Abstract Printed Capri Leggings,,DeepFashion pants: Abstract Printed Capri Leggings.,
deepfashion_category/img/Abstract-Printed_Capri_Leggings/img_00000017.jpg,deepfashion-cc0a713eadc733b3,deepfashion_actual_images,non_commercial_research_only_deepfashion,pants,Abstract Printed Capri Leggings,,DeepFashion pants: Abstract Printed Capri Leggings.,
deepfashion_category/img/Abstract-Printed_Capri_Leggings/img_00000018.jpg,deepfashion-3f98fc6f9c149fd4,deepfashion_actual_images,non_commercial_research_only_deepfashion,pants,Abstract Printed Capri Leggings,,DeepFashion pants: Abstract Printed Capri Leggings.,
deepfashion_category/img/Abstract-Printed_Capri_Leggings/img_00000019.jpg,deepfashion-959fcb5d77445ef4,deepfashion_actual_images,non_commercial_research_only_deepfashion,pants,Abstract Printed Capri Leggings,,DeepFashion pants: Abstract Printed Capri Leggings.,
deepfashion_category/img/Abstract-Printed_Capri_Leggings/img_00000020.jpg,deepfashion-19a80915996830f6,deepfashion_actual_images,non_commercial_research_only_deepfashion,pants,Abstract Printed Capri Leggings,,DeepFashion pants: Abstract Printed Capri Leggings.,
deepfashion_category/img/Abstract-Printed_Capri_Leggings/img_00000021.jpg,deepfashion-c1553148c86b61b9,deepfashion_actual_images,non_commercial_research_only_deepfashion,pants,Abstract Printed Capri Leggings,,DeepFashion pants: Abstract Printed Capri Leggings.,
deepfashion_category/img/Abstract-Printed_Capri_Leggings/img_00000022.jpg,deepfashion-e2f187f26d156e78,deepfashion_actual_images,non_commercial_research_only_deepfashion,pants,Abstract Printed Capri Leggings,,DeepFashion pants: Abstract Printed Capri Leggings.,
deepfashion_category/img/Abstract-Printed_Capri_Leggings/img_00000023.jpg,deepfashion-6b26f5e4c1be4f88,deepfashion_actual_images,non_commercial_research_only_deepfashion,pants,Abstract Printed Capri Leggings,,DeepFashion pants: Abstract Printed Capri Leggings.,
deepfashion_category/img/Abstract-Printed_Capri_Leggings/img_00000024.jpg,deepfashion-c76066939389cc4a,deepfashion_actual_images,non_commercial_research_only_deepfashion,pants,Abstract Printed Capri Leggings,,DeepFashion pants: Abstract Printed Capri Leggings.,
deepfashion_category/img/Abstract-Printed_Capri_Leggings/img_00000025.jpg,deepfashion-7944643b9d17e54f,deepfashion_actual_images,non_commercial_research_only_deepfashion,pants,Abstract Printed Capri Leggings,,DeepFashion pants: Abstract Printed Capri Leggings.,
deepfashion_category/img/Abstract-Printed_Capri_Leggings/img_00000026.jpg,deepfashion-3efb5adc666b25ba,deepfashion_actual_images,non_commercial_research_only_deepfashion,pants,Abstract Printed Capri Leggings,,DeepFashion pants: Abstract Printed Capri Leggings.,
deepfashion_category/img/Abstract-Printed_Capri_Leggings/img_00000027.jpg,deepfashion-f4998528b7575aa0,deepfashion_actual_images,non_commercial_research_only_deepfashion,pants,Abstract Printed Capri Leggings,,DeepFashion pants: Abstract Printed Capri Leggings.,
deepfashion_category/img/Abstract-Printed_Capri_Leggings/img_00000028.jpg,deepfashion-f919a123a70f7139,deepfashion_actual_images,non_commercial_research_only_deepfashion,pants,Abstract Printed Capri Leggings,,DeepFashion pants: Abstract Printed Capri Leggings.,
deepfashion_category/img/Abstract-Printed_Capri_Leggings/img_00000029.jpg,deepfashion-4a4ddac250c83173,deepfashion_actual_images,non_commercial_research_only_deepfashion,pants,Abstract Printed Capri Leggings,,DeepFashion pants: Abstract Printed Capri Leggings.,
deepfashion_category/img/Abstract-Printed_Capri_Leggings/img_00000030.jpg,deepfashion-4cd7fb390f84898e,deepfashion_actual_images,non_commercial_research_only_deepfashion,pants,Abstract Printed Capri Leggings,,DeepFashion pants: Abstract Printed Capri Leggings.,
deepfashion_category/img/Abstract-Printed_Capri_Leggings/img_00000031.jpg,deepfashion-37647a6a27dec174,deepfashion_actual_images,non_commercial_research_only_deepfashion,pants,Abstract Printed Capri Leggings,,DeepFashion pants: Abstract Printed Capri Leggings.,
deepfashion_category/img/Abstract-Quilted_Drawstring_Hoodie/img_00000001.jpg,deepfashion-df018b73c8b255ef,deepfashion_actual_images,non_commercial_research_only_deepfashion,hoodie,Abstract Quilted Drawstring Hoodie,,DeepFashion hoodie: Abstract Quilted Drawstring Hoodie.,
deepfashion_category/img/Abstract-Quilted_Drawstring_Hoodie/img_00000002.jpg,deepfashion-aa38d56c01ea4c11,deepfashion_actual_images,non_commercial_research_only_deepfashion,hoodie,Abstract Quilted Drawstring Hoodie,,DeepFashion hoodie: Abstract Quilted Drawstring Hoodie.,
deepfashion_category/img/Abstract-Quilted_Drawstring_Hoodie/img_00000003.jpg,deepfashion-75e3036f2d7c1090,deepfashion_actual_images,non_commercial_research_only_deepfashion,hoodie,Abstract Quilted Drawstring Hoodie,,DeepFashion hoodie: Abstract Quilted Drawstring Hoodie.,
deepfashion_category/img/Abstract-Quilted_Drawstring_Hoodie/img_00000004.jpg,deepfashion-dc6d06e7c4b59af3,deepfashion_actual_images,non_commercial_research_only_deepfashion,hoodie,Abstract Quilted Drawstring Hoodie,,DeepFashion hoodie: Abstract Quilted Drawstring Hoodie.,
deepfashion_category/img/Abstract-Quilted_Drawstring_Hoodie/img_00000005.jpg,deepfashion-c6cdd26fb3f0729b,deepfashion_actual_images,non_commercial_research_only_deepfashion,hoodie,Abstract Quilted Drawstring Hoodie,,DeepFashion hoodie: Abstract Quilted Drawstring Hoodie.,
deepfashion_category/img/Abstract-Quilted_Drawstring_Hoodie/img_00000006.jpg,deepfashion-e56fa47c29a0c5a7,deepfashion_actual_images,non_commercial_research_only_deepfashion,hoodie,Abstract Quilted Drawstring Hoodie,,DeepFashion hoodie: Abstract Quilted Drawstring Hoodie.,
deepfashion_category/img/Abstract-Quilted_Drawstring_Hoodie/img_00000007.jpg,deepfashion-3015517cd74711cd,deepfashion_actual_images,non_commercial_research_only_deepfashion,hoodie,Abstract Quilted Drawstring Hoodie,,DeepFashion hoodie: Abstract Quilted Drawstring Hoodie.,
deepfashion_category/img/Abstract-Quilted_Drawstring_Hoodie/img_00000008.jpg,deepfashion-fbb69c0064be354f,deepfashion_actual_images,non_commercial_research_only_deepfashion,hoodie,Abstract Quilted Drawstring Hoodie,,DeepFashion hoodie: Abstract Quilted Drawstring Hoodie.,
deepfashion_category/img/Abstract-Quilted_Drawstring_Hoodie/img_00000009.jpg,deepfashion-e1dd11fffa42177b,deepfashion_actual_images,non_commercial_research_only_deepfashion,hoodie,Abstract Quilted Drawstring Hoodie,,DeepFashion hoodie: Abstract Quilted Drawstring Hoodie.,
deepfashion_category/img/Abstract-Quilted_Drawstring_Hoodie/img_00000010.jpg,deepfashion-9384becac0388064,deepfashion_actual_images,non_commercial_research_only_deepfashion,hoodie,Abstract Quilted Drawstring Hoodie,,DeepFashion hoodie: Abstract Quilted Drawstring Hoodie.,
deepfashion_category/img/Abstract-Quilted_Drawstring_Hoodie/img_00000011.jpg,deepfashion-c61b03c04a20573c,deepfashion_actual_images,non_commercial_research_only_deepfashion,hoodie,Abstract Quilted Drawstring Hoodie,,DeepFashion hoodie: Abstract Quilted Drawstring Hoodie.,
deepfashion_category/img/Abstract-Quilted_Drawstring_Hoodie/img_00000012.jpg,deepfashion-241383b98328997d,deepfashion_actual_images,non_commercial_research_only_deepfashion,hoodie,Abstract Quilted Drawstring Hoodie,,DeepFashion hoodie: Abstract Quilted Drawstring Hoodie.,
deepfashion_category/img/Abstract-Quilted_Drawstring_Hoodie/img_00000013.jpg,deepfashion-867bff6e053eec60,deepfashion_actual_images,non_commercial_research_only_deepfashion,hoodie,Abstract Quilted Drawstring Hoodie,,DeepFashion hoodie: Abstract Quilted Drawstring Hoodie.,
deepfashion_category/img/Abstract-Quilted_Drawstring_Hoodie/img_00000014.jpg,deepfashion-617f09ac68e0da0c,deepfashion_actual_images,non_commercial_research_only_deepfashion,hoodie,Abstract Quilted Drawstring Hoodie,,DeepFashion hoodie: Abstract Quilted Drawstring Hoodie.,
deepfashion_category/img/Abstract-Quilted_Drawstring_Hoodie/img_00000015.jpg,deepfashion-ee855c3e4a4dcd17,deepfashion_actual_images,non_commercial_research_only_deepfashion,hoodie,Abstract Quilted Drawstring Hoodie,,DeepFashion hoodie: Abstract Quilted Drawstring Hoodie.,
deepfashion_category/img/Abstract-Quilted_Drawstring_Hoodie/img_00000016.jpg,deepfashion-5874e2f321a95182,deepfashion_actual_images,non_commercial_research_only_deepfashion,hoodie,Abstract Quilted Drawstring Hoodie,,DeepFashion hoodie: Abstract Quilted Drawstring Hoodie.,
deepfashion_category/img/Abstract-Quilted_Drawstring_Hoodie/img_00000017.jpg,deepfashion-9759cdc1fe026b33,deepfashion_actual_images,non_commercial_research_only_deepfashion,hoodie,Abstract Quilted Drawstring Hoodie,,DeepFashion hoodie: Abstract Quilted Drawstring Hoodie.,
deepfashion_category/img/Abstract-Quilted_Drawstring_Hoodie/img_00000018.jpg,deepfashion-200264c6e48b96f5,deepfashion_actual_images,non_commercial_research_only_deepfashion,hoodie,Abstract Quilted Drawstring Hoodie,,DeepFashion hoodie: Abstract Quilted Drawstring Hoodie.,
deepfashion_category/img/Abstract-Quilted_Drawstring_Hoodie/img_00000019.jpg,deepfashion-0b6aa4419dedf6a8,deepfashion_actual_images,non_commercial_research_only_deepfashion,hoodie,Abstract Quilted Drawstring Hoodie,,DeepFashion hoodie: Abstract Quilted Drawstring Hoodie.,
deepfashion_category/img/Abstract-Quilted_Drawstring_Hoodie/img_00000020.jpg,deepfashion-738ac9b3798b8b5b,deepfashion_actual_images,non_commercial_research_only_deepfashion,hoodie,Abstract Quilted Drawstring Hoodie,,DeepFashion hoodie: Abstract Quilted Drawstring Hoodie.,
deepfashion_category/img/Abstract-Quilted_Drawstring_Hoodie/img_00000021.jpg,deepfashion-f5c041cd4f43e1ac,deepfashion_actual_images,non_commercial_research_only_deepfashion,hoodie,Abstract Quilted Drawstring Hoodie,,DeepFashion hoodie: Abstract Quilted Drawstring Hoodie.,
deepfashion_category/img/Abstract-Quilted_Drawstring_Hoodie/img_00000022.jpg,deepfashion-325e15947a5b58fd,deepfashion_actual_images,non_commercial_research_only_deepfashion,hoodie,Abstract Quilted Drawstring Hoodie,,DeepFashion hoodie: Abstract Quilted Drawstring Hoodie.,
deepfashion_category/img/Abstract-Quilted_Drawstring_Hoodie/img_00000023.jpg,deepfashion-ee8f7d37f2583955,deepfashion_actual_images,non_commercial_research_only_deepfashion,hoodie,Abstract Quilted Drawstring Hoodie,,DeepFashion hoodie: Abstract Quilted Drawstring Hoodie.,
deepfashion_category/img/Abstract-Quilted_Drawstring_Hoodie/img_00000024.jpg,deepfashion-53d8e8cbeef6a5ee,deepfashion_actual_images,non_commercial_research_only_deepfashion,hoodie,Abstract Quilted Drawstring Hoodie,,DeepFashion hoodie: Abstract Quilted Drawstring Hoodie.,
deepfashion_category/img/Abstract-Quilted_Drawstring_Hoodie/img_00000025.jpg,deepfashion-f82c7d2454672e26,deepfashion_actual_images,non_commercial_research_only_deepfashion,hoodie,Abstract Quilted Drawstring Hoodie,,DeepFashion hoodie: Abstract Quilted Drawstring Hoodie.,
deepfashion_category/img/Abstract-Quilted_Drawstring_Hoodie/img_00000026.jpg,deepfashion-232ec15c14e13254,deepfashion_actual_images,non_commercial_research_only_deepfashion,hoodie,Abstract Quilted Drawstring Hoodie,,DeepFashion hoodie: Abstract Quilted Drawstring Hoodie.,
deepfashion_category/img/Abstract-Quilted_Drawstring_Hoodie/img_00000027.jpg,deepfashion-1f0f17c22f492b13,deepfashion_actual_images,non_commercial_research_only_deepfashion,hoodie,Abstract Quilted Drawstring Hoodie,,DeepFashion hoodie: Abstract Quilted Drawstring Hoodie.,
deepfashion_category/img/Abstract-Quilted_Drawstring_Hoodie/img_00000028.jpg,deepfashion-a0d0b875fd7d6493,deepfashion_actual_images,non_commercial_research_only_deepfashion,hoodie,Abstract Quilted Drawstring Hoodie,,DeepFashion hoodie: Abstract Quilted Drawstring Hoodie.,
deepfashion_category/img/Abstract-Quilted_Drawstring_Hoodie/img_00000029.jpg,deepfashion-ce626ac34924fa22,deepfashion_actual_images,non_commercial_research_only_deepfashion,hoodie,Abstract Quilted Drawstring Hoodie,,DeepFashion hoodie: Abstract Quilted Drawstring Hoodie.,
deepfashion_category/img/Abstract-Quilted_Drawstring_Hoodie/img_00000030.jpg,deepfashion-8007f7a11966320b,deepfashion_actual_images,non_commercial_research_only_deepfashion,hoodie,Abstract Quilted Drawstring Hoodie,,DeepFashion hoodie: Abstract Quilted Drawstring Hoodie.,
deepfashion_category/img/Abstract-Quilted_Drawstring_Hoodie/img_00000031.jpg,deepfashion-e745821e5514b6ee,deepfashion_actual_images,non_commercial_research_only_deepfashion,hoodie,Abstract Quilted Drawstring Hoodie,,DeepFashion hoodie: Abstract Quilted Drawstring Hoodie.,
deepfashion_category/img/Abstract-Quilted_Drawstring_Hoodie/img_00000032.jpg,deepfashion-eea4cebbaeb1ac86,deepfashion_actual_images,non_commercial_research_only_deepfashion,hoodie,Abstract Quilted Drawstring Hoodie,,DeepFashion hoodie: Abstract Quilted Drawstring Hoodie.,
deepfashion_category/img/Abstract-Quilted_Drawstring_Hoodie/img_00000033.jpg,deepfashion-1486c020124b4558,deepfashion_actual_images,non_commercial_research_only_deepfashion,hoodie,Abstract Quilted Drawstring Hoodie,,DeepFashion hoodie: Abstract Quilted Drawstring Hoodie.,
deepfashion_category/img/Abstract-Quilted_Drawstring_Hoodie/img_00000034.jpg,deepfashion-c02574a072207853,deepfashion_actual_images,non_commercial_research_only_deepfashion,hoodie,Abstract Quilted Drawstring Hoodie,,DeepFashion hoodie: Abstract Quilted Drawstring Hoodie.,
deepfashion_category/img/Abstract-Quilted_Drawstring_Hoodie/img_00000035.jpg,deepfashion-8454384ca8f190dc,deepfashion_actual_images,non_commercial_research_only_deepfashion,hoodie,Abstract Quilted Drawstring Hoodie,,DeepFashion hoodie: Abstract Quilted Drawstring Hoodie.,
deepfashion_category/img/Abstract-Quilted_Drawstring_Hoodie/img_00000036.jpg,deepfashion-00461237b4874e2a,deepfashion_actual_images,non_commercial_research_only_deepfashion,hoodie,Abstract Quilted Drawstring Hoodie,,DeepFashion hoodie: Abstract Quilted Drawstring Hoodie.,
deepfashion_category/img/Abstract-Quilted_Drawstring_Hoodie/img_00000037.jpg,deepfashion-0ecff8b052749255,deepfashion_actual_images,non_commercial_research_only_deepfashion,hoodie,Abstract Quilted Drawstring Hoodie,,DeepFashion hoodie: Abstract Quilted Drawstring Hoodie.,
deepfashion_category/img/Abstract-Quilted_Drawstring_Hoodie/img_00000038.jpg,deepfashion-94fcf79c4992d5c1,deepfashion_actual_images,non_commercial_research_only_deepfashion,hoodie,Abstract Quilted Drawstring Hoodie,,DeepFashion hoodie: Abstract Quilted Drawstring Hoodie.,
deepfashion_category/img/Abstract-Quilted_Drawstring_Hoodie/img_00000039.jpg,deepfashion-1f0ba65748343708,deepfashion_actual_images,non_commercial_research_only_deepfashion,hoodie,Abstract Quilted Drawstring Hoodie,,DeepFashion hoodie: Abstract Quilted Drawstring Hoodie.,
deepfashion_category/img/Abstract-Quilted_Drawstring_Hoodie/img_00000040.jpg,deepfashion-cf551b0dcd93eaca,deepfashion_actual_images,non_commercial_research_only_deepfashion,hoodie,Abstract Quilted Drawstring Hoodie,,DeepFashion hoodie: Abstract Quilted Drawstring Hoodie.,
deepfashion_category/img/Abstract-Quilted_Drawstring_Hoodie/img_00000041.jpg,deepfashion-75f173950c996910,deepfashion_actual_images,non_commercial_research_only_deepfashion,hoodie,Abstract Quilted Drawstring Hoodie,,DeepFashion hoodie: Abstract Quilted Drawstring Hoodie.,
deepfashion_category/img/Abstract-Quilted_Drawstring_Hoodie/img_00000042.jpg,deepfashion-c5fbf38c3b075f78,deepfashion_actual_images,non_commercial_research_only_deepfashion,hoodie,Abstract Quilted Drawstring Hoodie,,DeepFashion hoodie: Abstract Quilted Drawstring Hoodie.,
deepfashion_category/img/Abstract-Quilted_Drawstring_Hoodie/img_00000043.jpg,deepfashion-1c6b872d5c730f44,deepfashion_actual_images,non_commercial_research_only_deepfashion,hoodie,Abstract Quilted Drawstring Hoodie,,DeepFashion hoodie: Abstract Quilted Drawstring Hoodie.,
deepfashion_category/img/Abstract-Quilted_Drawstring_Hoodie/img_00000044.jpg,deepfashion-97ed02ef28958a95,deepfashion_actual_images,non_commercial_research_only_deepfashion,hoodie,Abstract Quilted Drawstring Hoodie,,DeepFashion hoodie: Abstract Quilted Drawstring Hoodie.,
deepfashion_category/img/Abstract-Quilted_Drawstring_Hoodie/img_00000045.jpg,deepfashion-6917a3de4a5141cf,deepfashion_actual_images,non_commercial_research_only_deepfashion,hoodie,Abstract Quilted Drawstring Hoodie,,DeepFashion hoodie: Abstract Quilted Drawstring Hoodie.,
deepfashion_category/img/Abstract-Quilted_Drawstring_Hoodie/img_00000046.jpg,deepfashion-d5e8fcfbe06827a4,deepfashion_actual_images,non_commercial_research_only_deepfashion,hoodie,Abstract Quilted Drawstring Hoodie,,DeepFashion hoodie: Abstract Quilted Drawstring Hoodie.,
deepfashion_category/img/Abstract-Stripe_Fuzzy_Sweater/img_00000001.jpg,deepfashion-7d33771b6eccc2d3,deepfashion_actual_images,non_commercial_research_only_deepfashion,sweater,Abstract Stripe Fuzzy Sweater,,DeepFashion sweater: Abstract Stripe Fuzzy Sweater.,
deepfashion_category/img/Abstract-Stripe_Fuzzy_Sweater/img_00000002.jpg,deepfashion-475ca0f911a798d8,deepfashion_actual_images,non_commercial_research_only_deepfashion,sweater,Abstract Stripe Fuzzy Sweater,,DeepFashion sweater: Abstract Stripe Fuzzy Sweater.,
deepfashion_category/img/Abstract-Stripe_Fuzzy_Sweater/img_00000003.jpg,deepfashion-7dc40ef721c003be,deepfashion_actual_images,non_commercial_research_only_deepfashion,sweater,Abstract Stripe Fuzzy Sweater,,DeepFashion sweater: Abstract Stripe Fuzzy Sweater.,
deepfashion_category/img/Abstract-Stripe_Fuzzy_Sweater/img_00000004.jpg,deepfashion-3db8366cec46e0d7,deepfashion_actual_images,non_commercial_research_only_deepfashion,sweater,Abstract Stripe Fuzzy Sweater,,DeepFashion sweater: Abstract Stripe Fuzzy Sweater.,
deepfashion_category/img/Abstract-Stripe_Fuzzy_Sweater/img_00000005.jpg,deepfashion-0c7666fb2879688b,deepfashion_actual_images,non_commercial_research_only_deepfashion,sweater,Abstract Stripe Fuzzy Sweater,,DeepFashion sweater: Abstract Stripe Fuzzy Sweater.,
deepfashion_category/img/Abstract-Stripe_Fuzzy_Sweater/img_00000006.jpg,deepfashion-9e9df9d0727f276e,deepfashion_actual_images,non_commercial_research_only_deepfashion,sweater,Abstract Stripe Fuzzy Sweater,,DeepFashion sweater: Abstract Stripe Fuzzy Sweater.,
deepfashion_category/img/Abstract-Stripe_Fuzzy_Sweater/img_00000007.jpg,deepfashion-edcff7f5cfebdd8a,deepfashion_actual_images,non_commercial_research_only_deepfashion,sweater,Abstract Stripe Fuzzy Sweater,,DeepFashion sweater: Abstract Stripe Fuzzy Sweater.,
deepfashion_category/img/Abstract-Stripe_Fuzzy_Sweater/img_00000008.jpg,deepfashion-9b347f45ee2a5a3f,deepfashion_actual_images,non_commercial_research_only_deepfashion,sweater,Abstract Stripe Fuzzy Sweater,,DeepFashion sweater: Abstract Stripe Fuzzy Sweater.,
deepfashion_category/img/Abstract-Stripe_Fuzzy_Sweater/img_00000009.jpg,deepfashion-a6e0e20d9d67bb3d,deepfashion_actual_images,non_commercial_research_only_deepfashion,sweater,Abstract Stripe Fuzzy Sweater,,DeepFashion sweater: Abstract Stripe Fuzzy Sweater.,
deepfashion_category/img/Abstract-Stripe_Fuzzy_Sweater/img_00000010.jpg,deepfashion-58d63635743811e3,deepfashion_actual_images,non_commercial_research_only_deepfashion,sweater,Abstract Stripe Fuzzy Sweater,,DeepFashion sweater: Abstract Stripe Fuzzy Sweater.,
deepfashion_category/img/Abstract-Stripe_Fuzzy_Sweater/img_00000011.jpg,deepfashion-74c9f45d315449a0,deepfashion_actual_images,non_commercial_research_only_deepfashion,sweater,Abstract Stripe Fuzzy Sweater,,DeepFashion sweater: Abstract Stripe Fuzzy Sweater.,
deepfashion_category/img/Abstract-Stripe_Fuzzy_Sweater/img_00000012.jpg,deepfashion-f526f1ee8fc60da3,deepfashion_actual_images,non_commercial_research_only_deepfashion,sweater,Abstract Stripe Fuzzy Sweater,,DeepFashion sweater: Abstract Stripe Fuzzy Sweater.,
deepfashion_category/img/Abstract-Stripe_Fuzzy_Sweater/img_00000013.jpg,deepfashion-c6ee469ec2c4fc35,deepfashion_actual_images,non_commercial_research_only_deepfashion,sweater,Abstract Stripe Fuzzy Sweater,,DeepFashion sweater: Abstract Stripe Fuzzy Sweater.,
deepfashion_category/img/Abstract-Stripe_Fuzzy_Sweater/img_00000014.jpg,deepfashion-16b043fff68a4698,deepfashion_actual_images,non_commercial_research_only_deepfashion,sweater,Abstract Stripe Fuzzy Sweater,,DeepFashion sweater: Abstract Stripe Fuzzy Sweater.,
deepfashion_category/img/Abstract-Stripe_Fuzzy_Sweater/img_00000015.jpg,deepfashion-0b390af2d5f0ca9c,deepfashion_actual_images,non_commercial_research_only_deepfashion,sweater,Abstract Stripe Fuzzy Sweater,,DeepFashion sweater: Abstract Stripe Fuzzy Sweater.,
deepfashion_category/img/Abstract-Stripe_Fuzzy_Sweater/img_00000016.jpg,deepfashion-dd4908262f8fa8fd,deepfashion_actual_images,non_commercial_research_only_deepfashion,sweater,Abstract Stripe Fuzzy Sweater,,DeepFashion sweater: Abstract Stripe Fuzzy Sweater.,
deepfashion_category/img/Abstract-Stripe_Fuzzy_Sweater/img_00000017.jpg,deepfashion-7c27c049e9423e21,deepfashion_actual_images,non_commercial_research_only_deepfashion,sweater,Abstract Stripe Fuzzy Sweater,,DeepFashion sweater: Abstract Stripe Fuzzy Sweater.,
deepfashion_category/img/Abstract-Stripe_Fuzzy_Sweater/img_00000018.jpg,deepfashion-f23cbd395f9115cf,deepfashion_actual_images,non_commercial_research_only_deepfashion,sweater,Abstract Stripe Fuzzy Sweater,,DeepFashion sweater: Abstract Stripe Fuzzy Sweater.,
deepfashion_category/img/Abstract-Stripe_Fuzzy_Sweater/img_00000019.jpg,deepfashion-06505896d89493b7,deepfashion_actual_images,non_commercial_research_only_deepfashion,sweater,Abstract Stripe Fuzzy Sweater,,DeepFashion sweater: Abstract Stripe Fuzzy Sweater.,
deepfashion_category/img/Abstract-Stripe_Fuzzy_Sweater/img_00000020.jpg,deepfashion-83367829b77b7e2d,deepfashion_actual_images,non_commercial_research_only_deepfashion,sweater,Abstract Stripe Fuzzy Sweater,,DeepFashion sweater: Abstract Stripe Fuzzy Sweater.,
deepfashion_category/img/Abstract-Stripe_Fuzzy_Sweater/img_00000021.jpg,deepfashion-60d322794035d467,deepfashion_actual_images,non_commercial_research_only_deepfashion,sweater,Abstract Stripe Fuzzy Sweater,,DeepFashion sweater: Abstract Stripe Fuzzy Sweater.,
deepfashion_category/img/Abstract-Stripe_Fuzzy_Sweater/img_00000022.jpg,deepfashion-1050ede05107f5fc,deepfashion_actual_images,non_commercial_research_only_deepfashion,sweater,Abstract Stripe Fuzzy Sweater,,DeepFashion sweater: Abstract Stripe Fuzzy Sweater.,
deepfashion_category/img/Abstract-Stripe_Fuzzy_Sweater/img_00000023.jpg,deepfashion-b1bae532ccf1ef01,deepfashion_actual_images,non_commercial_research_only_deepfashion,sweater,Abstract Stripe Fuzzy Sweater,,DeepFashion sweater: Abstract Stripe Fuzzy Sweater.,
deepfashion_category/img/Abstract-Stripe_Fuzzy_Sweater/img_00000024.jpg,deepfashion-d16a74cf68c93bdd,deepfashion_actual_images,non_commercial_research_only_deepfashion,sweater,Abstract Stripe Fuzzy Sweater,,DeepFashion sweater: Abstract Stripe Fuzzy Sweater.,
deepfashion_category/img/Abstract-Stripe_Fuzzy_Sweater/img_00000025.jpg,deepfashion-22e29b2fc5fea144,deepfashion_actual_images,non_commercial_research_only_deepfashion,sweater,Abstract Stripe Fuzzy Sweater,,DeepFashion sweater: Abstract Stripe Fuzzy Sweater.,
deepfashion_category/img/Abstract-Stripe_Fuzzy_Sweater/img_00000026.jpg,deepfashion-9392b6a709f24823,deepfashion_actual_images,non_commercial_research_only_deepfashion,sweater,Abstract Stripe Fuzzy Sweater,,DeepFashion sweater: Abstract Stripe Fuzzy Sweater.,
deepfashion_category/img/Abstract-Stripe_Fuzzy_Sweater/img_00000027.jpg,deepfashion-b23afddc3e98c5da,deepfashion_actual_images,non_commercial_research_only_deepfashion,sweater,Abstract Stripe Fuzzy Sweater,,DeepFashion sweater: Abstract Stripe Fuzzy Sweater.,
deepfashion_category/img/Abstract-Stripe_Fuzzy_Sweater/img_00000028.jpg,deepfashion-95cbb07711aaa7a3,deepfashion_actual_images,non_commercial_research_only_deepfashion,sweater,Abstract Stripe Fuzzy Sweater,,DeepFashion sweater: Abstract Stripe Fuzzy Sweater.,
deepfashion_category/img/Abstract-Stripe_Fuzzy_Sweater/img_00000029.jpg,deepfashion-65b0eebcdd83f793,deepfashion_actual_images,non_commercial_research_only_deepfashion,sweater,Abstract Stripe Fuzzy Sweater,,DeepFashion sweater: Abstract Stripe Fuzzy Sweater.,
deepfashion_category/img/Abstract-Stripe_Fuzzy_Sweater/img_00000030.jpg,deepfashion-71c78ea46710df66,deepfashion_actual_images,non_commercial_research_only_deepfashion,sweater,Abstract Stripe Fuzzy Sweater,,DeepFashion sweater: Abstract Stripe Fuzzy Sweater.,
deepfashion_category/img/Abstract-Stripe_Fuzzy_Sweater/img_00000031.jpg,deepfashion-a8390f31e929617f,deepfashion_actual_images,non_commercial_research_only_deepfashion,sweater,Abstract Stripe Fuzzy Sweater,,DeepFashion sweater: Abstract Stripe Fuzzy Sweater.,
deepfashion_category/img/Abstract-Stripe_Fuzzy_Sweater/img_00000032.jpg,deepfashion-37cbd5276e5432f7,deepfashion_actual_images,non_commercial_research_only_deepfashion,sweater,Abstract Stripe Fuzzy Sweater,,DeepFashion sweater: Abstract Stripe Fuzzy Sweater.,
deepfashion_category/img/Abstract-Stripe_Fuzzy_Sweater/img_00000033.jpg,deepfashion-ca5ca07e9ceff825,deepfashion_actual_images,non_commercial_research_only_deepfashion,sweater,Abstract Stripe Fuzzy Sweater,,DeepFashion sweater: Abstract Stripe Fuzzy Sweater.,
deepfashion_category/img/Abstract-Striped_Ladder-Back_Dress/img_00000001.jpg,deepfashion-9f56b8801c2058bc,deepfashion_actual_images,non_commercial_research_only_deepfashion,dress,Abstract Striped Ladder Back Dress,,DeepFashion dress: Abstract Striped Ladder Back Dress.,
deepfashion_category/img/Abstract-Striped_Ladder-Back_Dress/img_00000002.jpg,deepfashion-d1cab1e2753b9cc7,deepfashion_actual_images,non_commercial_research_only_deepfashion,dress,Abstract Striped Ladder Back Dress,,DeepFashion dress: Abstract Striped Ladder Back Dress.,
deepfashion_category/img/Abstract-Striped_Ladder-Back_Dress/img_00000003.jpg,deepfashion-0728961b07623aae,deepfashion_actual_images,non_commercial_research_only_deepfashion,dress,Abstract Striped Ladder Back Dress,,DeepFashion dress: Abstract Striped Ladder Back Dress.,
deepfashion_category/img/Abstract-Striped_Ladder-Back_Dress/img_00000004.jpg,deepfashion-befa55068980ae8a,deepfashion_actual_images,non_commercial_research_only_deepfashion,dress,Abstract Striped Ladder Back Dress,,DeepFashion dress: Abstract Striped Ladder Back Dress.,
deepfashion_category/img/Abstract-Striped_Ladder-Back_Dress/img_00000005.jpg,deepfashion-662559376c2dcae4,deepfashion_actual_images,non_commercial_research_only_deepfashion,dress,Abstract Striped Ladder Back Dress,,DeepFashion dress: Abstract Striped Ladder Back Dress.,
deepfashion_category/img/Abstract-Striped_Ladder-Back_Dress/img_00000006.jpg,deepfashion-01a8f7c8fb9da1de,deepfashion_actual_images,non_commercial_research_only_deepfashion,dress,Abstract Striped Ladder Back Dress,,DeepFashion dress: Abstract Striped Ladder Back Dress.,
deepfashion_category/img/Abstract-Striped_Ladder-Back_Dress/img_00000007.jpg,deepfashion-5e86e2a43d037d65,deepfashion_actual_images,non_commercial_research_only_deepfashion,dress,Abstract Striped Ladder Back Dress,,DeepFashion dress: Abstract Striped Ladder Back Dress.,
deepfashion_category/img/Abstract-Striped_Ladder-Back_Dress/img_00000008.jpg,deepfashion-221316db5fd67458,deepfashion_actual_images,non_commercial_research_only_deepfashion,dress,Abstract Striped Ladder Back Dress,,DeepFashion dress: Abstract Striped Ladder Back Dress.,
deepfashion_category/img/Abstract-Striped_Ladder-Back_Dress/img_00000009.jpg,deepfashion-481850dd90799150,deepfashion_actual_images,non_commercial_research_only_deepfashion,dress,Abstract Striped Ladder Back Dress,,DeepFashion dress: Abstract Striped Ladder Back Dress.,
deepfashion_category/img/Abstract-Striped_Ladder-Back_Dress/img_00000010.jpg,deepfashion-ebd00239c1f3af3f,deepfashion_actual_images,non_commercial_research_only_deepfashion,dress,Abstract Striped Ladder Back Dress,,DeepFashion dress: Abstract Striped Ladder Back Dress.,
deepfashion_category/img/Abstract-Striped_Ladder-Back_Dress/img_00000011.jpg,deepfashion-42a54c34b68fcb6e,deepfashion_actual_images,non_commercial_research_only_deepfashion,dress,Abstract Striped Ladder Back Dress,,DeepFashion dress: Abstract Striped Ladder Back Dress.,
deepfashion_category/img/Abstract-Striped_Ladder-Back_Dress/img_00000012.jpg,deepfashion-42ab312cf25d225f,deepfashion_actual_images,non_commercial_research_only_deepfashion,dress,Abstract Striped Ladder Back Dress,,DeepFashion dress: Abstract Striped Ladder Back Dress.,
deepfashion_category/img/Abstract-Striped_Ladder-Back_Dress/img_00000013.jpg,deepfashion-74fae94cc00796dc,deepfashion_actual_images,non_commercial_research_only_deepfashion,dress,Abstract Striped Ladder Back Dress,,DeepFashion dress: Abstract Striped Ladder Back Dress.,
deepfashion_category/img/Abstract-Striped_Ladder-Back_Dress/img_00000014.jpg,deepfashion-98a7b41cab7af28b,deepfashion_actual_images,non_commercial_research_only_deepfashion,dress,Abstract Striped Ladder Back Dress,,DeepFashion dress: Abstract Striped Ladder Back Dress.,
deepfashion_category/img/Abstract-Striped_Ladder-Back_Dress/img_00000015.jpg,deepfashion-9649c61e326a2cd2,deepfashion_actual_images,non_commercial_research_only_deepfashion,dress,Abstract Striped Ladder Back Dress,,DeepFashion dress: Abstract Striped Ladder Back Dress.,
deepfashion_category/img/Abstract-Striped_Ladder-Back_Dress/img_00000016.jpg,deepfashion-09346440d760a547,deepfashion_actual_images,non_commercial_research_only_deepfashion,dress,Abstract Striped Ladder Back Dress,,DeepFashion dress: Abstract Striped Ladder Back Dress.,
deepfashion_category/img/Abstract-Striped_Ladder-Back_Dress/img_00000017.jpg,deepfashion-b566cd4d348046c5,deepfashion_actual_images,non_commercial_research_only_deepfashion,dress,Abstract Striped Ladder Back Dress,,DeepFashion dress: Abstract Striped Ladder Back Dress.,
deepfashion_category/img/Abstract-Striped_Ladder-Back_Dress/img_00000018.jpg,deepfashion-b66a3a6d761d4a9b,deepfashion_actual_images,non_commercial_research_only_deepfashion,dress,Abstract Striped Ladder Back Dress,,DeepFashion dress: Abstract Striped Ladder Back Dress.,
deepfashion_category/img/Abstract-Striped_Ladder-Back_Dress/img_00000019.jpg,deepfashion-0a16c98938ed3e9b,deepfashion_actual_images,non_commercial_research_only_deepfashion,dress,Abstract Striped Ladder Back Dress,,DeepFashion dress: Abstract Striped Ladder Back Dress.,
deepfashion_category/img/Abstract-Striped_Ladder-Back_Dress/img_00000020.jpg,deepfashion-072ce89ae921546e,deepfashion_actual_images,non_commercial_research_only_deepfashion,dress,Abstract Striped Ladder Back Dress,,DeepFashion dress: Abstract Striped Ladder Back Dress.,
deepfashion_category/img/Abstract-Striped_Ladder-Back_Dress/img_00000021.jpg,deepfashion-2ccc3dbbe0242998,deepfashion_actual_images,non_commercial_research_only_deepfashion,dress,Abstract Striped Ladder Back Dress,,DeepFashion dress: Abstract Striped Ladder Back Dress.,
deepfashion_category/img/Abstract-Striped_Ladder-Back_Dress/img_00000022.jpg,deepfashion-564155fe301a0a4b,deepfashion_actual_images,non_commercial_research_only_deepfashion,dress,Abstract Striped Ladder Back Dress,,DeepFashion dress: Abstract Striped Ladder Back Dress.,
deepfashion_category/img/Abstract-Striped_Ladder-Back_Dress/img_00000023.jpg,deepfashion-603897faa51f5359,deepfashion_actual_images,non_commercial_research_only_deepfashion,dress,Abstract Striped Ladder Back Dress,,DeepFashion dress: Abstract Striped Ladder Back Dress.,
deepfashion_category/img/Abstract-Striped_Ladder-Back_Dress/img_00000024.jpg,deepfashion-a0eb959ffecce9b5,deepfashion_actual_images,non_commercial_research_only_deepfashion,dress,Abstract Striped Ladder Back Dress,,DeepFashion dress: Abstract Striped Ladder Back Dress.,
deepfashion_category/img/Abstract-Striped_Ladder-Back_Dress/img_00000025.jpg,deepfashion-fd20929be43c2840,deepfashion_actual_images,non_commercial_research_only_deepfashion,dress,Abstract Striped Ladder Back Dress,,DeepFashion dress: Abstract Striped Ladder Back Dress.,
deepfashion_category/img/Abstract-Striped_Ladder-Back_Dress/img_00000026.jpg,deepfashion-147217aec39b4004,deepfashion_actual_images,non_commercial_research_only_deepfashion,dress,Abstract Striped Ladder Back Dress,,DeepFashion dress: Abstract Striped Ladder Back Dress.,
deepfashion_category/img/Abstract-Striped_Ladder-Back_Dress/img_00000027.jpg,deepfashion-a89346152bf2813f,deepfashion_actual_images,non_commercial_research_only_deepfashion,dress,Abstract Striped Ladder Back Dress,,DeepFashion dress: Abstract Striped Ladder Back Dress.,
deepfashion_category/img/Abstract-Striped_Ladder-Back_Dress/img_00000028.jpg,deepfashion-250230549ca9d203,deepfashion_actual_images,non_commercial_research_only_deepfashion,dress,Abstract Striped Ladder Back Dress,,DeepFashion dress: Abstract Striped Ladder Back Dress.,
deepfashion_category/img/Abstract-Striped_Ladder-Back_Dress/img_00000029.jpg,deepfashion-bebcc141decf6344,deepfashion_actual_images,non_commercial_research_only_deepfashion,dress,Abstract Striped Ladder Back Dress,,DeepFashion dress: Abstract Striped Ladder Back Dress.,
deepfashion_category/img/Abstract-Striped_Ladder-Back_Dress/img_00000030.jpg,deepfashion-4f92de8d20f672af,deepfashion_actual_images,non_commercial_research_only_deepfashion,dress,Abstract Striped Ladder Back Dress,,DeepFashion dress: Abstract Striped Ladder Back Dress.,
deepfashion_category/img/Abstract-Striped_Ladder-Back_Dress/img_00000031.jpg,deepfashion-d24740de434d6015,deepfashion_actual_images,non_commercial_research_only_deepfashion,dress,Abstract Striped Ladder Back Dress,,DeepFashion dress: Abstract Striped Ladder Back Dress.,
deepfashion_category/img/Abstract-Striped_Ladder-Back_Dress/img_00000032.jpg,deepfashion-f85af5dd1493dd4d,deepfashion_actual_images,non_commercial_research_only_deepfashion,dress,Abstract Striped Ladder Back Dress,,DeepFashion dress: Abstract Striped Ladder Back Dress.,
deepfashion_category/img/Abstract-Striped_Ladder-Back_Dress/img_00000033.jpg,deepfashion-a75df38118758395,deepfashion_actual_images,non_commercial_research_only_deepfashion,dress,Abstract Striped Ladder Back Dress,,DeepFashion dress: Abstract Striped Ladder Back Dress.,
deepfashion_category/img/Abstract-Striped_Ladder-Back_Dress/img_00000034.jpg,deepfashion-6ae1137900534afb,deepfashion_actual_images,non_commercial_research_only_deepfashion,dress,Abstract Striped Ladder Back Dress,,DeepFashion dress: Abstract Striped Ladder Back Dress.,
deepfashion_category/img/Abstract-Striped_Ladder-Back_Dress/img_00000035.jpg,deepfashion-b55a1d27434bb3f9,deepfashion_actual_images,non_commercial_research_only_deepfashion,dress,Abstract Striped Ladder Back Dress,,DeepFashion dress: Abstract Striped Ladder Back Dress.,
deepfashion_category/img/Abstract-Striped_Ladder-Back_Dress/img_00000036.jpg,deepfashion-a086a4d03d15dfb4,deepfashion_actual_images,non_commercial_research_only_deepfashion,dress,Abstract Striped Ladder Back Dress,,DeepFashion dress: Abstract Striped Ladder Back Dress.,
deepfashion_category/img/Abstract-Striped_Ladder-Back_Dress/img_00000037.jpg,deepfashion-f10d36203f4216e3,deepfashion_actual_images,non_commercial_research_only_deepfashion,dress,Abstract Striped Ladder Back Dress,,DeepFashion dress: Abstract Striped Ladder Back Dress.,
deepfashion_category/img/Abstract-Striped_Ladder-Back_Dress/img_00000038.jpg,deepfashion-6d8cfa53536d6054,deepfashion_actual_images,non_commercial_research_only_deepfashion,dress,Abstract Striped Ladder Back Dress,,DeepFashion dress: Abstract Striped Ladder Back Dress.,
deepfashion_category/img/Abstract-Striped_Ladder-Back_Dress/img_00000039.jpg,deepfashion-37110a6d4a8c8a98,deepfashion_actual_images,non_commercial_research_only_deepfashion,dress,Abstract Striped Ladder Back Dress,,DeepFashion dress: Abstract Striped Ladder Back Dress.,
deepfashion_category/img/Abstract-Striped_Ladder-Back_Dress/img_00000040.jpg,deepfashion-85847fc6af1cb4e9,deepfashion_actual_images,non_commercial_research_only_deepfashion,dress,Abstract Striped Ladder Back Dress,,DeepFashion dress: Abstract Striped Ladder Back Dress.,
deepfashion_category/img/Abstract-Striped_Ladder-Back_Dress/img_00000041.jpg,deepfashion-3423a1ab1ea635d8,deepfashion_actual_images,non_commercial_research_only_deepfashion,dress,Abstract Striped Ladder Back Dress,,DeepFashion dress: Abstract Striped Ladder Back Dress.,
deepfashion_category/img/Abstract-Striped_Ladder-Back_Dress/img_00000042.jpg,deepfashion-3c0cf37ffb2292e2,deepfashion_actual_images,non_commercial_research_only_deepfashion,dress,Abstract Striped Ladder Back Dress,,DeepFashion dress: Abstract Striped Ladder Back Dress.,
deepfashion_category/img/Abstract-Striped_Ladder-Back_Dress/img_00000043.jpg,deepfashion-6cd5ee9f5a2667c4,deepfashion_actual_images,non_commercial_research_only_deepfashion,dress,Abstract Striped Ladder Back Dress,,DeepFashion dress: Abstract Striped Ladder Back Dress.,
deepfashion_category/img/Abstract-Trimmed_Knit_Tank/img_00000001.jpg,deepfashion-5eee304c5d812788,deepfashion_actual_images,non_commercial_research_only_deepfashion,top,Abstract Trimmed Knit Tank,,DeepFashion top: Abstract Trimmed Knit Tank.,
deepfashion_category/img/Abstract-Trimmed_Knit_Tank/img_00000002.jpg,deepfashion-a53a0f4b869713de,deepfashion_actual_images,non_commercial_research_only_deepfashion,top,Abstract Trimmed Knit Tank,,DeepFashion top: Abstract Trimmed Knit Tank.,
deepfashion_category/img/Abstract-Trimmed_Knit_Tank/img_00000003.jpg,deepfashion-5a4f97a22c260e5d,deepfashion_actual_images,non_commercial_research_only_deepfashion,top,Abstract Trimmed Knit Tank,,DeepFashion top: Abstract Trimmed Knit Tank.,
deepfashion_category/img/Abstract-Trimmed_Knit_Tank/img_00000004.jpg,deepfashion-cf4e37ea06b30e0a,deepfashion_actual_images,non_commercial_research_only_deepfashion,top,Abstract Trimmed Knit Tank,,DeepFashion top: Abstract Trimmed Knit Tank.,
deepfashion_category/img/Abstract-Trimmed_Knit_Tank/img_00000005.jpg,deepfashion-6a384274655d208c,deepfashion_actual_images,non_commercial_research_only_deepfashion,top,Abstract Trimmed Knit Tank,,DeepFashion top: Abstract Trimmed Knit Tank.,
deepfashion_category/img/Abstract-Trimmed_Knit_Tank/img_00000006.jpg,deepfashion-5027c90cdbc10a74,deepfashion_actual_images,non_commercial_research_only_deepfashion,top,Abstract Trimmed Knit Tank,,DeepFashion top: Abstract Trimmed Knit Tank.,
deepfashion_category/img/Abstract-Trimmed_Knit_Tank/img_00000007.jpg,deepfashion-dd9001e866aa9720,deepfashion_actual_images,non_commercial_research_only_deepfashion,top,Abstract Trimmed Knit Tank,,DeepFashion top: Abstract Trimmed Knit Tank.,
deepfashion_category/img/Abstract-Trimmed_Knit_Tank/img_00000008.jpg,deepfashion-b4150e147f31918c,deepfashion_actual_images,non_commercial_research_only_deepfashion,top,Abstract Trimmed Knit Tank,,DeepFashion top: Abstract Trimmed Knit Tank.,
deepfashion_category/img/Abstract-Trimmed_Knit_Tank/img_00000009.jpg,deepfashion-80be91ee5f79fe24,deepfashion_actual_images,non_commercial_research_only_deepfashion,top,Abstract Trimmed Knit Tank,,DeepFashion top: Abstract Trimmed Knit Tank.,
deepfashion_category/img/Abstract-Trimmed_Knit_Tank/img_00000010.jpg,deepfashion-130034e754aa8251,deepfashion_actual_images,non_commercial_research_only_deepfashion,top,Abstract Trimmed Knit Tank,,DeepFashion top: Abstract Trimmed Knit Tank.,
deepfashion_category/img/Abstract-Trimmed_Knit_Tank/img_00000011.jpg,deepfashion-4533322602be6989,deepfashion_actual_images,non_commercial_research_only_deepfashion,top,Abstract Trimmed Knit Tank,,DeepFashion top: Abstract Trimmed Knit Tank.,
deepfashion_category/img/Abstract-Trimmed_Knit_Tank/img_00000012.jpg,deepfashion-1550913ee30b4e4a,deepfashion_actual_images,non_commercial_research_only_deepfashion,top,Abstract Trimmed Knit Tank,,DeepFashion top: Abstract Trimmed Knit Tank.,
deepfashion_category/img/Abstract-Trimmed_Knit_Tank/img_00000013.jpg,deepfashion-0fe3cf242197edfc,deepfashion_actual_images,non_commercial_research_only_deepfashion,top,Abstract Trimmed Knit Tank,,DeepFashion top: Abstract Trimmed Knit Tank.,
deepfashion_category/img/Abstract-Trimmed_Knit_Tank/img_00000014.jpg,deepfashion-200024a55ccc2391,deepfashion_actual_images,non_commercial_research_only_deepfashion,top,Abstract Trimmed Knit Tank,,DeepFashion top: Abstract Trimmed Knit Tank.,
deepfashion_category/img/Abstract-Trimmed_Knit_Tank/img_00000015.jpg,deepfashion-a6a1c4d1f2565e8d,deepfashion_actual_images,non_commercial_research_only_deepfashion,top,Abstract Trimmed Knit Tank,,DeepFashion top: Abstract Trimmed Knit Tank.,
deepfashion_category/img/Abstract-Trimmed_Knit_Tank/img_00000016.jpg,deepfashion-138193c38945e00c,deepfashion_actual_images,non_commercial_research_only_deepfashion,top,Abstract Trimmed Knit Tank,,DeepFashion top: Abstract Trimmed Knit Tank.,
deepfashion_category/img/Abstract-Trimmed_Knit_Tank/img_00000017.jpg,deepfashion-5ae37fab3be0435c,deepfashion_actual_images,non_commercial_research_only_deepfashion,top,Abstract Trimmed Knit Tank,,DeepFashion top: Abstract Trimmed Knit Tank.,
deepfashion_category/img/Abstract-Trimmed_Knit_Tank/img_00000018.jpg,deepfashion-91eea3ecc183ff6a,deepfashion_actual_images,non_commercial_research_only_deepfashion,top,Abstract Trimmed Knit Tank,,DeepFashion top: Abstract Trimmed Knit Tank.,
deepfashion_category/img/Abstract-Trimmed_Knit_Tank/img_00000019.jpg,deepfashion-8d4638c6266774ca,deepfashion_actual_images,non_commercial_research_only_deepfashion,top,Abstract Trimmed Knit Tank,,DeepFashion top: Abstract Trimmed Knit Tank.,
deepfashion_category/img/Abstract-Trimmed_Knit_Tank/img_00000020.jpg,deepfashion-a121d7598b2ff623,deepfashion_actual_images,non_commercial_research_only_deepfashion,top,Abstract Trimmed Knit Tank,,DeepFashion top: Abstract Trimmed Knit Tank.,
deepfashion_category/img/Abstract-Trimmed_Knit_Tank/img_00000021.jpg,deepfashion-ae2f0a732b77efa6,deepfashion_actual_images,non_commercial_research_only_deepfashion,top,Abstract Trimmed Knit Tank,,DeepFashion top: Abstract Trimmed Knit Tank.,
deepfashion_category/img/Abstract-Trimmed_Knit_Tank/img_00000022.jpg,deepfashion-57364a97b520cf7a,deepfashion_actual_images,non_commercial_research_only_deepfashion,top,Abstract Trimmed Knit Tank,,DeepFashion top: Abstract Trimmed Knit Tank.,
deepfashion_category/img/Abstract-Trimmed_Knit_Tank/img_00000023.jpg,deepfashion-a9c2f642abe8783b,deepfashion_actual_images,non_commercial_research_only_deepfashion,top,Abstract Trimmed Knit Tank,,DeepFashion top: Abstract Trimmed Knit Tank.,
deepfashion_category/img/Abstract-Trimmed_Knit_Tank/img_00000024.jpg,deepfashion-4e4dc36f0b6aaf46,deepfashion_actual_images,non_commercial_research_only_deepfashion,top,Abstract Trimmed Knit Tank,,DeepFashion top: Abstract Trimmed Knit Tank.,
deepfashion_category/img/Abstract-Trimmed_Knit_Tank/img_00000025.jpg,deepfashion-dbcb2a76e48cc972,deepfashion_actual_images,non_commercial_research_only_deepfashion,top,Abstract Trimmed Knit Tank,,DeepFashion top: Abstract Trimmed Knit Tank.,
deepfashion_category/img/Abstract-Trimmed_Knit_Tank/img_00000026.jpg,deepfashion-c6a31471d4638ef7,deepfashion_actual_images,non_commercial_research_only_deepfashion,top,Abstract Trimmed Knit Tank,,DeepFashion top: Abstract Trimmed Knit Tank.,
deepfashion_category/img/Abstract-Trimmed_Knit_Tank/img_00000027.jpg,deepfashion-ce000bbdc56d4de8,deepfashion_actual_images,non_commercial_research_only_deepfashion,top,Abstract Trimmed Knit Tank,,DeepFashion top: Abstract Trimmed Knit Tank.,
deepfashion_category/img/Abstract-Trimmed_Knit_Tank/img_00000028.jpg,deepfashion-b0e3831317928744,deepfashion_actual_images,non_commercial_research_only_deepfashion,top,Abstract Trimmed Knit Tank,,DeepFashion top: Abstract Trimmed Knit Tank.,
deepfashion_category/img/Abstract-Trimmed_Knit_Tank/img_00000029.jpg,deepfashion-cab3446a786ddeed,deepfashion_actual_images,non_commercial_research_only_deepfashion,top,Abstract Trimmed Knit Tank,,DeepFashion top: Abstract Trimmed Knit Tank.,
deepfashion_category/img/Abstract-Trimmed_Knit_Tank/img_00000030.jpg,deepfashion-61daf622c0ee1839,deepfashion_actual_images,non_commercial_research_only_deepfashion,top,Abstract Trimmed Knit Tank,,DeepFashion top: Abstract Trimmed Knit Tank.,
deepfashion_category/img/Abstract-Trimmed_Knit_Tank/img_00000031.jpg,deepfashion-04b31bde09bb6fef,deepfashion_actual_images,non_commercial_research_only_deepfashion,top,Abstract Trimmed Knit Tank,,DeepFashion top: Abstract Trimmed Knit Tank.,
deepfashion_category/img/Abstract-Trimmed_Knit_Tank/img_00000032.jpg,deepfashion-a1ac4c14c81428c0,deepfashion_actual_images,non_commercial_research_only_deepfashion,top,Abstract Trimmed Knit Tank,,DeepFashion top: Abstract Trimmed Knit Tank.,
deepfashion_category/img/Abstract-Watercolor_Print_Blouse/img_00000001.jpg,deepfashion-0a339f51d7d97be9,deepfashion_actual_images,non_commercial_research_only_deepfashion,blouse,Abstract Watercolor Print Blouse,,DeepFashion blouse: Abstract Watercolor Print Blouse.,
deepfashion_category/img/Abstract-Watercolor_Print_Blouse/img_00000002.jpg,deepfashion-dbcb87f04deade3d,deepfashion_actual_images,non_commercial_research_only_deepfashion,blouse,Abstract Watercolor Print Blouse,,DeepFashion blouse: Abstract Watercolor Print Blouse.,
deepfashion_category/img/Abstract-Watercolor_Print_Blouse/img_00000003.jpg,deepfashion-a345ee2e01864d16,deepfashion_actual_images,non_commercial_research_only_deepfashion,blouse,Abstract Watercolor Print Blouse,,DeepFashion blouse: Abstract Watercolor Print Blouse.,
deepfashion_category/img/Abstract-Watercolor_Print_Blouse/img_00000004.jpg,deepfashion-55ff48856362e145,deepfashion_actual_images,non_commercial_research_only_deepfashion,blouse,Abstract Watercolor Print Blouse,,DeepFashion blouse: Abstract Watercolor Print Blouse.,
deepfashion_category/img/Abstract-Watercolor_Print_Blouse/img_00000005.jpg,deepfashion-1085c7b75425702c,deepfashion_actual_images,non_commercial_research_only_deepfashion,blouse,Abstract Watercolor Print Blouse,,DeepFashion blouse: Abstract Watercolor Print Blouse.,
deepfashion_category/img/Abstract-Watercolor_Print_Blouse/img_00000006.jpg,deepfashion-c9c9332fa5c4adc0,deepfashion_actual_images,non_commercial_research_only_deepfashion,blouse,Abstract Watercolor Print Blouse,,DeepFashion blouse: Abstract Watercolor Print Blouse.,
deepfashion_category/img/Abstract-Watercolor_Print_Blouse/img_00000007.jpg,deepfashion-c0690b8b6a140a23,deepfashion_actual_images,non_commercial_research_only_deepfashion,blouse,Abstract Watercolor Print Blouse,,DeepFashion blouse: Abstract Watercolor Print Blouse.,
deepfashion_category/img/Abstract-Watercolor_Print_Blouse/img_00000008.jpg,deepfashion-85d142f94569947f,deepfashion_actual_images,non_commercial_research_only_deepfashion,blouse,Abstract Watercolor Print Blouse,,DeepFashion blouse: Abstract Watercolor Print Blouse.,
deepfashion_category/img/Abstract-Watercolor_Print_Blouse/img_00000009.jpg,deepfashion-1f2a4ed852cee567,deepfashion_actual_images,non_commercial_research_only_deepfashion,blouse,Abstract Watercolor Print Blouse,,DeepFashion blouse: Abstract Watercolor Print Blouse.,
deepfashion_category/img/Abstract-Watercolor_Print_Blouse/img_00000010.jpg,deepfashion-a792e212d5cd8fa3,deepfashion_actual_images,non_commercial_research_only_deepfashion,blouse,Abstract Watercolor Print Blouse,,DeepFashion blouse: Abstract Watercolor Print Blouse.,
deepfashion_category/img/Abstract-Watercolor_Print_Blouse/img_00000011.jpg,deepfashion-45bf6e07749a269d,deepfashion_actual_images,non_commercial_research_only_deepfashion,blouse,Abstract Watercolor Print Blouse,,DeepFashion blouse: Abstract Watercolor Print Blouse.,
deepfashion_category/img/Abstract-Watercolor_Print_Blouse/img_00000012.jpg,deepfashion-b3b65328e8dc9a21,deepfashion_actual_images,non_commercial_research_only_deepfashion,blouse,Abstract Watercolor Print Blouse,,DeepFashion blouse: Abstract Watercolor Print Blouse.,
deepfashion_category/img/Abstract-Watercolor_Print_Blouse/img_00000013.jpg,deepfashion-abb736491a507c8d,deepfashion_actual_images,non_commercial_research_only_deepfashion,blouse,Abstract Watercolor Print Blouse,,DeepFashion blouse: Abstract Watercolor Print Blouse.,
deepfashion_category/img/Abstract-Watercolor_Print_Blouse/img_00000014.jpg,deepfashion-97f78af8110f86d3,deepfashion_actual_images,non_commercial_research_only_deepfashion,blouse,Abstract Watercolor Print Blouse,,DeepFashion blouse: Abstract Watercolor Print Blouse.,
deepfashion_category/img/Abstract-Watercolor_Print_Blouse/img_00000015.jpg,deepfashion-aa3e0395a94a9756,deepfashion_actual_images,non_commercial_research_only_deepfashion,blouse,Abstract Watercolor Print Blouse,,DeepFashion blouse: Abstract Watercolor Print Blouse.,
deepfashion_category/img/Abstract-Watercolor_Print_Blouse/img_00000016.jpg,deepfashion-fd6926530eec4cda,deepfashion_actual_images,non_commercial_research_only_deepfashion,blouse,Abstract Watercolor Print Blouse,,DeepFashion blouse: Abstract Watercolor Print Blouse.,
deepfashion_category/img/Abstract-Watercolor_Print_Blouse/img_00000017.jpg,deepfashion-a16c093dd5b2dfd0,deepfashion_actual_images,non_commercial_research_only_deepfashion,blouse,Abstract Watercolor Print Blouse,,DeepFashion blouse: Abstract Watercolor Print Blouse.,
deepfashion_category/img/Abstract-Watercolor_Print_Blouse/img_00000018.jpg,deepfashion-2ad64ca478ae7457,deepfashion_actual_images,non_commercial_research_only_deepfashion,blouse,Abstract Watercolor Print Blouse,,DeepFashion blouse: Abstract Watercolor Print Blouse.,
deepfashion_category/img/Abstract-Watercolor_Print_Blouse/img_00000019.jpg,deepfashion-ddfb3da02089a75a,deepfashion_actual_images,non_commercial_research_only_deepfashion,blouse,Abstract Watercolor Print Blouse,,DeepFashion blouse: Abstract Watercolor Print Blouse.,
deepfashion_category/img/Abstract-Watercolor_Print_Blouse/img_00000020.jpg,deepfashion-7fd37499bd67c4f4,deepfashion_actual_images,non_commercial_research_only_deepfashion,blouse,Abstract Watercolor Print Blouse,,DeepFashion blouse: Abstract Watercolor Print Blouse.,
deepfashion_category/img/Abstract-Watercolor_Print_Blouse/img_00000021.jpg,deepfashion-ba8779fa7017be86,deepfashion_actual_images,non_commercial_research_only_deepfashion,blouse,Abstract Watercolor Print Blouse,,DeepFashion blouse: Abstract Watercolor Print Blouse.,
deepfashion_category/img/Abstract-Watercolor_Print_Blouse/img_00000022.jpg,deepfashion-6f0ef82bfe8bf3ae,deepfashion_actual_images,non_commercial_research_only_deepfashion,blouse,Abstract Watercolor Print Blouse,,DeepFashion blouse: Abstract Watercolor Print Blouse.,
deepfashion_category/img/Abstract-Watercolor_Print_Blouse/img_00000023.jpg,deepfashion-924f2219d73b57a7,deepfashion_actual_images,non_commercial_research_only_deepfashion,blouse,Abstract Watercolor Print Blouse,,DeepFashion blouse: Abstract Watercolor Print Blouse.,
deepfashion_category/img/Abstract-Watercolor_Print_Blouse/img_00000024.jpg,deepfashion-aa74e9e3fd6c8a23,deepfashion_actual_images,non_commercial_research_only_deepfashion,blouse,Abstract Watercolor Print Blouse,,DeepFashion blouse: Abstract Watercolor Print Blouse.,
deepfashion_category/img/Abstract-Watercolor_Print_Blouse/img_00000025.jpg,deepfashion-cb70097f5bec1914,deepfashion_actual_images,non_commercial_research_only_deepfashion,blouse,Abstract Watercolor Print Blouse,,DeepFashion blouse: Abstract Watercolor Print Blouse.,
deepfashion_category/img/Abstract-Watercolor_Print_Blouse/img_00000026.jpg,deepfashion-3f4d160d56d22748,deepfashion_actual_images,non_commercial_research_only_deepfashion,blouse,Abstract Watercolor Print Blouse,,DeepFashion blouse: Abstract Watercolor Print Blouse.,
deepfashion_category/img/Abstract-Watercolor_Print_Blouse/img_00000027.jpg,deepfashion-d289dd2e01fd7dd7,deepfashion_actual_images,non_commercial_research_only_deepfashion,blouse,Abstract Watercolor Print Blouse,,DeepFashion blouse: Abstract Watercolor Print Blouse.,
deepfashion_category/img/Abstract-Watercolor_Print_Blouse/img_00000028.jpg,deepfashion-3388c382c2891d65,deepfashion_actual_images,non_commercial_research_only_deepfashion,blouse,Abstract Watercolor Print Blouse,,DeepFashion blouse: Abstract Watercolor Print Blouse.,
deepfashion_category/img/Abstract-Watercolor_Print_Blouse/img_00000029.jpg,deepfashion-8801fb1928bb8669,deepfashion_actual_images,non_commercial_research_only_deepfashion,blouse,Abstract Watercolor Print Blouse,,DeepFashion blouse: Abstract Watercolor Print Blouse.,
deepfashion_category/img/Abstract-Watercolor_Print_Blouse/img_00000030.jpg,deepfashion-82b61ae1b718f5c4,deepfashion_actual_images,non_commercial_research_only_deepfashion,blouse,Abstract Watercolor Print Blouse,,DeepFashion blouse: Abstract Watercolor Print Blouse.,
deepfashion_category/img/Abstract-Watercolor_Print_Blouse/img_00000031.jpg,deepfashion-841a2f0cc7a67cdd,deepfashion_actual_images,non_commercial_research_only_deepfashion,blouse,Abstract Watercolor Print Blouse,,DeepFashion blouse: Abstract Watercolor Print Blouse.,
deepfashion_category/img/Abstract-Watercolor_Print_Blouse/img_00000032.jpg,deepfashion-1ff79fa6d4fd8a38,deepfashion_actual_images,non_commercial_research_only_deepfashion,blouse,Abstract Watercolor Print Blouse,,DeepFashion blouse: Abstract Watercolor Print Blouse.,
deepfashion_category/img/Abstract-Watercolor_Print_Blouse/img_00000033.jpg,deepfashion-ae7aef5a79791608,deepfashion_actual_images,non_commercial_research_only_deepfashion,blouse,Abstract Watercolor Print Blouse,,DeepFashion blouse: Abstract Watercolor Print Blouse.,
deepfashion_category/img/Abstract-Watercolor_Print_Blouse/img_00000034.jpg,deepfashion-0a0ce919a3c270f7,deepfashion_actual_images,non_commercial_research_only_deepfashion,blouse,Abstract Watercolor Print Blouse,,DeepFashion blouse: Abstract Watercolor Print Blouse.,
deepfashion_category/img/Abstract-Watercolor_Print_Blouse/img_00000035.jpg,deepfashion-751a63bf4ab41a68,deepfashion_actual_images,non_commercial_research_only_deepfashion,blouse,Abstract Watercolor Print Blouse,,DeepFashion blouse: Abstract Watercolor Print Blouse.,
deepfashion_category/img/Abstract-Watercolor_Print_Blouse/img_00000036.jpg,deepfashion-38217e23b8efb284,deepfashion_actual_images,non_commercial_research_only_deepfashion,blouse,Abstract Watercolor Print Blouse,,DeepFashion blouse: Abstract Watercolor Print Blouse.,
deepfashion_category/img/Abstract_Animal_Print_Dress/img_00000001.jpg,deepfashion-7baf5b68bb805f17,deepfashion_actual_images,non_commercial_research_only_deepfashion,dress,Abstract Animal Print Dress,,DeepFashion dress: Abstract Animal Print Dress.,
deepfashion_category/img/Abstract_Animal_Print_Dress/img_00000002.jpg,deepfashion-5d7342c415ca8880,deepfashion_actual_images,non_commercial_research_only_deepfashion,dress,Abstract Animal Print Dress,,DeepFashion dress: Abstract Animal Print Dress.,
deepfashion_category/img/Abstract_Animal_Print_Dress/img_00000003.jpg,deepfashion-0455c8535e7943a8,deepfashion_actual_images,non_commercial_research_only_deepfashion,dress,Abstract Animal Print Dress,,DeepFashion dress: Abstract Animal Print Dress.,
deepfashion_category/img/Abstract_Animal_Print_Dress/img_00000004.jpg,deepfashion-ca55db785f5fffa8,deepfashion_actual_images,non_commercial_research_only_deepfashion,dress,Abstract Animal Print Dress,,DeepFashion dress: Abstract Animal Print Dress.,
deepfashion_category/img/Abstract_Animal_Print_Dress/img_00000005.jpg,deepfashion-0c701c7372f51841,deepfashion_actual_images,non_commercial_research_only_deepfashion,dress,Abstract Animal Print Dress,,DeepFashion dress: Abstract Animal Print Dress.,
deepfashion_category/img/Abstract_Animal_Print_Dress/img_00000006.jpg,deepfashion-15a2126d310ca6a2,deepfashion_actual_images,non_commercial_research_only_deepfashion,dress,Abstract Animal Print Dress,,DeepFashion dress: Abstract Animal Print Dress.,
deepfashion_category/img/Abstract_Animal_Print_Dress/img_00000007.jpg,deepfashion-69cb1ff221db933a,deepfashion_actual_images,non_commercial_research_only_deepfashion,dress,Abstract Animal Print Dress,,DeepFashion dress: Abstract Animal Print Dress.,
deepfashion_category/img/Abstract_Animal_Print_Dress/img_00000008.jpg,deepfashion-36d619f8dd6c9852,deepfashion_actual_images,non_commercial_research_only_deepfashion,dress,Abstract Animal Print Dress,,DeepFashion dress: Abstract Animal Print Dress.,
deepfashion_category/img/Abstract_Animal_Print_Dress/img_00000009.jpg,deepfashion-8ac219f2b1fdd789,deepfashion_actual_images,non_commercial_research_only_deepfashion,dress,Abstract Animal Print Dress,,DeepFashion dress: Abstract Animal Print Dress.,
deepfashion_category/img/Abstract_Animal_Print_Dress/img_00000010.jpg,deepfashion-721107179a617a5c,deepfashion_actual_images,non_commercial_research_only_deepfashion,dress,Abstract Animal Print Dress,,DeepFashion dress: Abstract Animal Print Dress.,
deepfashion_category/img/Abstract_Animal_Print_Dress/img_00000011.jpg,deepfashion-ca835cbfa9e6e33c,deepfashion_actual_images,non_commercial_research_only_deepfashion,dress,Abstract Animal Print Dress,,DeepFashion dress: Abstract Animal Print Dress.,
deepfashion_category/img/Abstract_Animal_Print_Dress/img_00000012.jpg,deepfashion-eae6f899362a5840,deepfashion_actual_images,non_commercial_research_only_deepfashion,dress,Abstract Animal Print Dress,,DeepFashion dress: Abstract Animal Print Dress.,
deepfashion_category/img/Abstract_Animal_Print_Dress/img_00000013.jpg,deepfashion-499db18a5334dce5,deepfashion_actual_images,non_commercial_research_only_deepfashion,dress,Abstract Animal Print Dress,,DeepFashion dress: Abstract Animal Print Dress.,
deepfashion_category/img/Abstract_Animal_Print_Dress/img_00000014.jpg,deepfashion-c8890bb9b126f98e,deepfashion_actual_images,non_commercial_research_only_deepfashion,dress,Abstract Animal Print Dress,,DeepFashion dress: Abstract Animal Print Dress.,
deepfashion_category/img/Abstract_Animal_Print_Dress/img_00000015.jpg,deepfashion-ca3cd19f948b1c53,deepfashion_actual_images,non_commercial_research_only_deepfashion,dress,Abstract Animal Print Dress,,DeepFashion dress: Abstract Animal Print Dress.,
deepfashion_category/img/Abstract_Animal_Print_Dress/img_00000016.jpg,deepfashion-e18f3ae453f00f36,deepfashion_actual_images,non_commercial_research_only_deepfashion,dress,Abstract Animal Print Dress,,DeepFashion dress: Abstract Animal Print Dress.,
deepfashion_category/img/Abstract_Animal_Print_Dress/img_00000017.jpg,deepfashion-33ecf09859b56563,deepfashion_actual_images,non_commercial_research_only_deepfashion,dress,Abstract Animal Print Dress,,DeepFashion dress: Abstract Animal Print Dress.,
deepfashion_category/img/Abstract_Animal_Print_Dress/img_00000018.jpg,deepfashion-b6cfb6eb4222b7e2,deepfashion_actual_images,non_commercial_research_only_deepfashion,dress,Abstract Animal Print Dress,,DeepFashion dress: Abstract Animal Print Dress.,
deepfashion_category/img/Abstract_Animal_Print_Dress/img_00000019.jpg,deepfashion-0758445b446ee08b,deepfashion_actual_images,non_commercial_research_only_deepfashion,dress,Abstract Animal Print Dress,,DeepFashion dress: Abstract Animal Print Dress.,
deepfashion_category/img/Abstract_Animal_Print_Dress/img_00000020.jpg,deepfashion-84fa0519f78714aa,deepfashion_actual_images,non_commercial_research_only_deepfashion,dress,Abstract Animal Print Dress,,DeepFashion dress: Abstract Animal Print Dress.,
deepfashion_category/img/Abstract_Animal_Print_Dress/img_00000021.jpg,deepfashion-838ca149a32721ae,deepfashion_actual_images,non_commercial_research_only_deepfashion,dress,Abstract Animal Print Dress,,DeepFashion dress: Abstract Animal Print Dress.,
deepfashion_category/img/Abstract_Animal_Print_Dress/img_00000022.jpg,deepfashion-ad433ee29da992f5,deepfashion_actual_images,non_commercial_research_only_deepfashion,dress,Abstract Animal Print Dress,,DeepFashion dress: Abstract Animal Print Dress.,
deepfashion_category/img/Abstract_Animal_Print_Dress/img_00000023.jpg,deepfashion-38bcb3a19fd61aaa,deepfashion_actual_images,non_commercial_research_only_deepfashion,dress,Abstract Animal Print Dress,,DeepFashion dress: Abstract Animal Print Dress.,
deepfashion_category/img/Abstract_Animal_Print_Dress/img_00000024.jpg,deepfashion-d22915a8cce69d65,deepfashion_actual_images,non_commercial_research_only_deepfashion,dress,Abstract Animal Print Dress,,DeepFashion dress: Abstract Animal Print Dress.,
deepfashion_category/img/Abstract_Animal_Print_Dress/img_00000025.jpg,deepfashion-d7946d759f13af88,deepfashion_actual_images,non_commercial_research_only_deepfashion,dress,Abstract Animal Print Dress,,DeepFashion dress: Abstract Animal Print Dress.,
deepfashion_category/img/Abstract_Animal_Print_Dress/img_00000026.jpg,deepfashion-da847563caf13565,deepfashion_actual_images,non_commercial_research_only_deepfashion,dress,Abstract Animal Print Dress,,DeepFashion dress: Abstract Animal Print Dress.,
deepfashion_category/img/Abstract_Animal_Print_Dress/img_00000027.jpg,deepfashion-089334cd539c1519,deepfashion_actual_images,non_commercial_research_only_deepfashion,dress,Abstract Animal Print Dress,,DeepFashion dress: Abstract Animal Print Dress.,
deepfashion_category/img/Abstract_Animal_Print_Dress/img_00000028.jpg,deepfashion-c074b57e880e034d,deepfashion_actual_images,non_commercial_research_only_deepfashion,dress,Abstract Animal Print Dress,,DeepFashion dress: Abstract Animal Print Dress.,
deepfashion_category/img/Abstract_Animal_Print_Dress/img_00000029.jpg,deepfashion-cc3828f9163c7e78,deepfashion_actual_images,non_commercial_research_only_deepfashion,dress,Abstract Animal Print Dress,,DeepFashion dress: Abstract Animal Print Dress.,
deepfashion_category/img/Abstract_Animal_Print_Dress/img_00000030.jpg,deepfashion-853e0184a7b410d3,deepfashion_actual_images,non_commercial_research_only_deepfashion,dress,Abstract Animal Print Dress,,DeepFashion dress: Abstract Animal Print Dress.,
deepfashion_category/img/Abstract_Animal_Print_Dress/img_00000031.jpg,deepfashion-54d46536dfa2829d,deepfashion_actual_images,non_commercial_research_only_deepfashion,dress,Abstract Animal Print Dress,,DeepFashion dress: Abstract Animal Print Dress.,
deepfashion_category/img/Abstract_Animal_Print_Dress/img_00000032.jpg,deepfashion-95582619f7fe1e81,deepfashion_actual_images,non_commercial_research_only_deepfashion,dress,Abstract Animal Print Dress,,DeepFashion dress: Abstract Animal Print Dress.,
deepfashion_category/img/Abstract_Animal_Print_Dress/img_00000033.jpg,deepfashion-b7e484ef8617c12c,deepfashion_actual_images,non_commercial_research_only_deepfashion,dress,Abstract Animal Print Dress,,DeepFashion dress: Abstract Animal Print Dress.,
deepfashion_category/img/Abstract_Animal_Print_Dress/img_00000034.jpg,deepfashion-0880bbb414009c06,deepfashion_actual_images,non_commercial_research_only_deepfashion,dress,Abstract Animal Print Dress,,DeepFashion dress: Abstract Animal Print Dress.,
deepfashion_category/img/Abstract_Animal_Print_Dress/img_00000035.jpg,deepfashion-39f4bd056b1c410b,deepfashion_actual_images,non_commercial_research_only_deepfashion,dress,Abstract Animal Print Dress,,DeepFashion dress: Abstract Animal Print Dress.,
deepfashion_category/img/Abstract_Animal_Print_Dress/img_00000036.jpg,deepfashion-5b15e96d05ddcefb,deepfashion_actual_images,non_commercial_research_only_deepfashion,dress,Abstract Animal Print Dress,,DeepFashion dress: Abstract Animal Print Dress.,
deepfashion_category/img/Abstract_Animal_Print_Dress/img_00000037.jpg,deepfashion-4cfbb4d2c896c51a,deepfashion_actual_images,non_commercial_research_only_deepfashion,dress,Abstract Animal Print Dress,,DeepFashion dress: Abstract Animal Print Dress.,
deepfashion_category/img/Abstract_Animal_Print_Dress/img_00000038.jpg,deepfashion-2ce8441a9941aac8,deepfashion_actual_images,non_commercial_research_only_deepfashion,dress,Abstract Animal Print Dress,,DeepFashion dress: Abstract Animal Print Dress.,
deepfashion_category/img/Abstract_Animal_Print_Dress/img_00000039.jpg,deepfashion-4c3da8832d575158,deepfashion_actual_images,non_commercial_research_only_deepfashion,dress,Abstract Animal Print Dress,,DeepFashion dress: Abstract Animal Print Dress.,
deepfashion_category/img/Abstract_Animal_Print_Dress/img_00000040.jpg,deepfashion-706ad0f44b3d0b37,deepfashion_actual_images,non_commercial_research_only_deepfashion,dress,Abstract Animal Print Dress,,DeepFashion dress: Abstract Animal Print Dress.,
deepfashion_category/img/Abstract_Animal_Print_Dress/img_00000041.jpg,deepfashion-a35fff6c94332f28,deepfashion_actual_images,non_commercial_research_only_deepfashion,dress,Abstract Animal Print Dress,,DeepFashion dress: Abstract Animal Print Dress.,
deepfashion_category/img/Abstract_Animal_Print_Dress/img_00000042.jpg,deepfashion-5ca8791ed5437315,deepfashion_actual_images,non_commercial_research_only_deepfashion,dress,Abstract Animal Print Dress,,DeepFashion dress: Abstract Animal Print Dress.,
deepfashion_category/img/Abstract_Animal_Print_Dress/img_00000043.jpg,deepfashion-bda3cd5dc4c3a15d,deepfashion_actual_images,non_commercial_research_only_deepfashion,dress,Abstract Animal Print Dress,,DeepFashion dress: Abstract Animal Print Dress.,
deepfashion_category/img/Abstract_Animal_Print_Dress/img_00000044.jpg,deepfashion-c85bb22527ea4f75,deepfashion_actual_images,non_commercial_research_only_deepfashion,dress,Abstract Animal Print Dress,,DeepFashion dress: Abstract Animal Print Dress.,
deepfashion_category/img/Abstract_Animal_Print_Dress/img_00000045.jpg,deepfashion-69b63034d34d15bd,deepfashion_actual_images,non_commercial_research_only_deepfashion,dress,Abstract Animal Print Dress,,DeepFashion dress: Abstract Animal Print Dress.,
deepfashion_category/img/Abstract_Animal_Print_Dress/img_00000046.jpg,deepfashion-9485b8c453f16de6,deepfashion_actual_images,non_commercial_research_only_deepfashion,dress,Abstract Animal Print Dress,,DeepFashion dress: Abstract Animal Print Dress.,
deepfashion_category/img/Abstract_Animal_Print_Dress/img_00000047.jpg,deepfashion-32ae5a2f8302d0d0,deepfashion_actual_images,non_commercial_research_only_deepfashion,dress,Abstract Animal Print Dress,,DeepFashion dress: Abstract Animal Print Dress.,
deepfashion_category/img/Abstract_Animal_Print_Dress/img_00000048.jpg,deepfashion-d41b50ae08922890,deepfashion_actual_images,non_commercial_research_only_deepfashion,dress,Abstract Animal Print Dress,,DeepFashion dress: Abstract Animal Print Dress.,
deepfashion_category/img/Abstract_Animal_Print_Dress/img_00000049.jpg,deepfashion-9967344d357f083b,deepfashion_actual_images,non_commercial_research_only_deepfashion,dress,Abstract Animal Print Dress,,DeepFashion dress: Abstract Animal Print Dress.,
deepfashion_category/img/Abstract_Animal_Print_Dress/img_00000050.jpg,deepfashion-039ce5887c3f94b3,deepfashion_actual_images,non_commercial_research_only_deepfashion,dress,Abstract Animal Print Dress,,DeepFashion dress: Abstract Animal Print Dress.,
deepfashion_category/img/Abstract_Animal_Print_Dress/img_00000051.jpg,deepfashion-2371481e8b45bc09,deepfashion_actual_images,non_commercial_research_only_deepfashion,dress,Abstract Animal Print Dress,,DeepFashion dress: Abstract Animal Print Dress.,
deepfashion_category/img/Abstract_Animal_Print_Dress/img_00000052.jpg,deepfashion-60fc4b7a44910efb,deepfashion_actual_images,non_commercial_research_only_deepfashion,dress,Abstract Animal Print Dress,,DeepFashion dress: Abstract Animal Print Dress.,
deepfashion_category/img/Abstract_Animal_Print_Dress/img_00000053.jpg,deepfashion-845f500a74fede18,deepfashion_actual_images,non_commercial_research_only_deepfashion,dress,Abstract Animal Print Dress,,DeepFashion dress: Abstract Animal Print Dress.,
deepfashion_category/img/Abstract_Animal_Print_Dress/img_00000054.jpg,deepfashion-f880d29fb855eba9,deepfashion_actual_images,non_commercial_research_only_deepfashion,dress,Abstract Animal Print Dress,,DeepFashion dress: Abstract Animal Print Dress.,
deepfashion_category/img/Abstract_Animal_Print_Dress/img_00000055.jpg,deepfashion-0672a62d441579f3,deepfashion_actual_images,non_commercial_research_only_deepfashion,dress,Abstract Animal Print Dress,,DeepFashion dress: Abstract Animal Print Dress.,
deepfashion_category/img/Abstract_Animal_Print_Dress/img_00000056.jpg,deepfashion-b7aa35ff895bd7f6,deepfashion_actual_images,non_commercial_research_only_deepfashion,dress,Abstract Animal Print Dress,,DeepFashion dress: Abstract Animal Print Dress.,
deepfashion_category/img/Abstract_Animal_Print_Dress/img_00000057.jpg,deepfashion-7986acb0b8b8c14b,deepfashion_actual_images,non_commercial_research_only_deepfashion,dress,Abstract Animal Print Dress,,DeepFashion dress: Abstract Animal Print Dress.,
deepfashion_category/img/Abstract_Animal_Print_Dress/img_00000058.jpg,deepfashion-c9426d713b934ab9,deepfashion_actual_images,non_commercial_research_only_deepfashion,dress,Abstract Animal Print Dress,,DeepFashion dress: Abstract Animal Print Dress.,
deepfashion_category/img/Abstract_Animal_Print_Dress/img_00000059.jpg,deepfashion-2d838f1384d6ed6e,deepfashion_actual_images,non_commercial_research_only_deepfashion,dress,Abstract Animal Print Dress,,DeepFashion dress: Abstract Animal Print Dress.,
deepfashion_category/img/Abstract_Animal_Print_Dress/img_00000060.jpg,deepfashion-1c1260693dfc8a04,deepfashion_actual_images,non_commercial_research_only_deepfashion,dress,Abstract Animal Print Dress,,DeepFashion dress: Abstract Animal Print Dress.,
deepfashion_category/img/Abstract_Animal_Print_Dress/img_00000061.jpg,deepfashion-890ca8beb858dd65,deepfashion_actual_images,non_commercial_research_only_deepfashion,dress,Abstract Animal Print Dress,,DeepFashion dress: Abstract Animal Print Dress.,
deepfashion_category/img/Abstract_Animal_Print_Dress/img_00000062.jpg,deepfashion-83a1232c4e2fa8d3,deepfashion_actual_images,non_commercial_research_only_deepfashion,dress,Abstract Animal Print Dress,,DeepFashion dress: Abstract Animal Print Dress.,
deepfashion_category/img/Abstract_Animal_Print_Dress/img_00000063.jpg,deepfashion-f12a2f3c14b38dd7,deepfashion_actual_images,non_commercial_research_only_deepfashion,dress,Abstract Animal Print Dress,,DeepFashion dress: Abstract Animal Print Dress.,
deepfashion_category/img/Abstract_Animal_Print_Dress/img_00000064.jpg,deepfashion-1bf099013430f1dd,deepfashion_actual_images,non_commercial_research_only_deepfashion,dress,Abstract Animal Print Dress,,DeepFashion dress: Abstract Animal Print Dress.,
deepfashion_category/img/Abstract_Animal_Print_Dress/img_00000065.jpg,deepfashion-44ea68721b4a1d63,deepfashion_actual_images,non_commercial_research_only_deepfashion,dress,Abstract Animal Print Dress,,DeepFashion dress: Abstract Animal Print Dress.,
deepfashion_category/img/Abstract_Animal_Print_Dress/img_00000066.jpg,deepfashion-4d54ac5e7390b1db,deepfashion_actual_images,non_commercial_research_only_deepfashion,dress,Abstract Animal Print Dress,,DeepFashion dress: Abstract Animal Print Dress.,
deepfashion_category/img/Abstract_Animal_Print_Dress/img_00000067.jpg,deepfashion-b85c9ae3a682c85e,deepfashion_actual_images,non_commercial_research_only_deepfashion,dress,Abstract Animal Print Dress,,DeepFashion dress: Abstract Animal Print Dress.,
deepfashion_category/img/Abstract_Arrow_Flounce_Romper/img_00000001.jpg,deepfashion-4a2ad2c3509a043a,deepfashion_actual_images,non_commercial_research_only_deepfashion,romper,Abstract Arrow Flounce Romper,,DeepFashion romper: Abstract Arrow Flounce Romper.,
deepfashion_category/img/Abstract_Arrow_Flounce_Romper/img_00000002.jpg,deepfashion-32e48a7c99095d69,deepfashion_actual_images,non_commercial_research_only_deepfashion,romper,Abstract Arrow Flounce Romper,,DeepFashion romper: Abstract Arrow Flounce Romper.,
deepfashion_category/img/Abstract_Arrow_Flounce_Romper/img_00000003.jpg,deepfashion-011d693e165ce863,deepfashion_actual_images,non_commercial_research_only_deepfashion,romper,Abstract Arrow Flounce Romper,,DeepFashion romper: Abstract Arrow Flounce Romper.,
deepfashion_category/img/Abstract_Arrow_Flounce_Romper/img_00000004.jpg,deepfashion-d6a381ccf625cbe3,deepfashion_actual_images,non_commercial_research_only_deepfashion,romper,Abstract Arrow Flounce Romper,,DeepFashion romper: Abstract Arrow Flounce Romper.,
deepfashion_category/img/Abstract_Arrow_Flounce_Romper/img_00000005.jpg,deepfashion-254f0491accda6fe,deepfashion_actual_images,non_commercial_research_only_deepfashion,romper,Abstract Arrow Flounce Romper,,DeepFashion romper: Abstract Arrow Flounce Romper.,
deepfashion_category/img/Abstract_Arrow_Flounce_Romper/img_00000006.jpg,deepfashion-c50f5db14d7ff4fa,deepfashion_actual_images,non_commercial_research_only_deepfashion,romper,Abstract Arrow Flounce Romper,,DeepFashion romper: Abstract Arrow Flounce Romper.,
deepfashion_category/img/Abstract_Arrow_Flounce_Romper/img_00000007.jpg,deepfashion-09f53e945301bb12,deepfashion_actual_images,non_commercial_research_only_deepfashion,romper,Abstract Arrow Flounce Romper,,DeepFashion romper: Abstract Arrow Flounce Romper.,
deepfashion_category/img/Abstract_Arrow_Flounce_Romper/img_00000008.jpg,deepfashion-accfa8d133f9d903,deepfashion_actual_images,non_commercial_research_only_deepfashion,romper,Abstract Arrow Flounce Romper,,DeepFashion romper: Abstract Arrow Flounce Romper.,
deepfashion_category/img/Abstract_Arrow_Flounce_Romper/img_00000009.jpg,deepfashion-31309bd1eeeaccff,deepfashion_actual_images,non_commercial_research_only_deepfashion,romper,Abstract Arrow Flounce Romper,,DeepFashion romper: Abstract Arrow Flounce Romper.,
deepfashion_category/img/Abstract_Arrow_Flounce_Romper/img_00000010.jpg,deepfashion-c46decfa63e51788,deepfashion_actual_images,non_commercial_research_only_deepfashion,romper,Abstract Arrow Flounce Romper,,DeepFashion romper: Abstract Arrow Flounce Romper.,
deepfashion_category/img/Abstract_Arrow_Flounce_Romper/img_00000011.jpg,deepfashion-3ac4a609a431c7f8,deepfashion_actual_images,non_commercial_research_only_deepfashion,romper,Abstract Arrow Flounce Romper,,DeepFashion romper: Abstract Arrow Flounce Romper.,
deepfashion_category/img/Abstract_Arrow_Flounce_Romper/img_00000012.jpg,deepfashion-9fbe88670e961fa4,deepfashion_actual_images,non_commercial_research_only_deepfashion,romper,Abstract Arrow Flounce Romper,,DeepFashion romper: Abstract Arrow Flounce Romper.,
deepfashion_category/img/Abstract_Arrow_Flounce_Romper/img_00000013.jpg,deepfashion-165956ef40f8fdcc,deepfashion_actual_images,non_commercial_research_only_deepfashion,romper,Abstract Arrow Flounce Romper,,DeepFashion romper: Abstract Arrow Flounce Romper.,
deepfashion_category/img/Abstract_Arrow_Flounce_Romper/img_00000014.jpg,deepfashion-32388981c5caac72,deepfashion_actual_images,non_commercial_research_only_deepfashion,romper,Abstract Arrow Flounce Romper,,DeepFashion romper: Abstract Arrow Flounce Romper.,
deepfashion_category/img/Abstract_Arrow_Flounce_Romper/img_00000015.jpg,deepfashion-557c9b3203a3c5e5,deepfashion_actual_images,non_commercial_research_only_deepfashion,romper,Abstract Arrow Flounce Romper,,DeepFashion romper: Abstract Arrow Flounce Romper.,
deepfashion_category/img/Abstract_Arrow_Flounce_Romper/img_00000016.jpg,deepfashion-5f5e7d0ffc920fc3,deepfashion_actual_images,non_commercial_research_only_deepfashion,romper,Abstract Arrow Flounce Romper,,DeepFashion romper: Abstract Arrow Flounce Romper.,
deepfashion_category/img/Abstract_Arrow_Flounce_Romper/img_00000017.jpg,deepfashion-b31e37b7f82eea31,deepfashion_actual_images,non_commercial_research_only_deepfashion,romper,Abstract Arrow Flounce Romper,,DeepFashion romper: Abstract Arrow Flounce Romper.,
deepfashion_category/img/Abstract_Arrow_Flounce_Romper/img_00000018.jpg,deepfashion-4f0118abde6a6a0b,deepfashion_actual_images,non_commercial_research_only_deepfashion,romper,Abstract Arrow Flounce Romper,,DeepFashion romper: Abstract Arrow Flounce Romper.,
deepfashion_category/img/Abstract_Arrow_Flounce_Romper/img_00000019.jpg,deepfashion-c7af2aaa0808b393,deepfashion_actual_images,non_commercial_research_only_deepfashion,romper,Abstract Arrow Flounce Romper,,DeepFashion romper: Abstract Arrow Flounce Romper.,
deepfashion_category/img/Abstract_Arrow_Flounce_Romper/img_00000020.jpg,deepfashion-bdf99b4759db7ff1,deepfashion_actual_images,non_commercial_research_only_deepfashion,romper,Abstract Arrow Flounce Romper,,DeepFashion romper: Abstract Arrow Flounce Romper.,
deepfashion_category/img/Abstract_Arrow_Flounce_Romper/img_00000021.jpg,deepfashion-7125322ccc3f58a7,deepfashion_actual_images,non_commercial_research_only_deepfashion,romper,Abstract Arrow Flounce Romper,,DeepFashion romper: Abstract Arrow Flounce Romper.,
deepfashion_category/img/Abstract_Arrow_Flounce_Romper/img_00000022.jpg,deepfashion-61556a5921bb2133,deepfashion_actual_images,non_commercial_research_only_deepfashion,romper,Abstract Arrow Flounce Romper,,DeepFashion romper: Abstract Arrow Flounce Romper.,
deepfashion_category/img/Abstract_Arrow_Flounce_Romper/img_00000023.jpg,deepfashion-d99f6caa02760d07,deepfashion_actual_images,non_commercial_research_only_deepfashion,romper,Abstract Arrow Flounce Romper,,DeepFashion romper: Abstract Arrow Flounce Romper.,
deepfashion_category/img/Abstract_Asymmetrical_Hem_Top/img_00000001.jpg,deepfashion-3f6ff03c31205920,deepfashion_actual_images,non_commercial_research_only_deepfashion,top,Abstract Asymmetrical Hem Top,,DeepFashion top: Abstract Asymmetrical Hem Top.,
deepfashion_category/img/Abstract_Asymmetrical_Hem_Top/img_00000002.jpg,deepfashion-4b69379854ffdad9,deepfashion_actual_images,non_commercial_research_only_deepfashion,top,Abstract Asymmetrical Hem Top,,DeepFashion top: Abstract Asymmetrical Hem Top.,
deepfashion_category/img/Abstract_Asymmetrical_Hem_Top/img_00000003.jpg,deepfashion-a3e0bfa72135f5c1,deepfashion_actual_images,non_commercial_research_only_deepfashion,top,Abstract Asymmetrical Hem Top,,DeepFashion top: Abstract Asymmetrical Hem Top.,
deepfashion_category/img/Abstract_Asymmetrical_Hem_Top/img_00000004.jpg,deepfashion-7729520bcc0893c5,deepfashion_actual_images,non_commercial_research_only_deepfashion,top,Abstract Asymmetrical Hem Top,,DeepFashion top: Abstract Asymmetrical Hem Top.,
deepfashion_category/img/Abstract_Asymmetrical_Hem_Top/img_00000005.jpg,deepfashion-0ffd7a979986671a,deepfashion_actual_images,non_commercial_research_only_deepfashion,top,Abstract Asymmetrical Hem Top,,DeepFashion top: Abstract Asymmetrical Hem Top.,
deepfashion_category/img/Abstract_Asymmetrical_Hem_Top/img_00000006.jpg,deepfashion-4a80c2a5c6ccc242,deepfashion_actual_images,non_commercial_research_only_deepfashion,top,Abstract Asymmetrical Hem Top,,DeepFashion top: Abstract Asymmetrical Hem Top.,
deepfashion_category/img/Abstract_Asymmetrical_Hem_Top/img_00000007.jpg,deepfashion-242deaaca56786a6,deepfashion_actual_images,non_commercial_research_only_deepfashion,top,Abstract Asymmetrical Hem Top,,DeepFashion top: Abstract Asymmetrical Hem Top.,
deepfashion_category/img/Abstract_Asymmetrical_Hem_Top/img_00000008.jpg,deepfashion-c7f60b4903a2e372,deepfashion_actual_images,non_commercial_research_only_deepfashion,top,Abstract Asymmetrical Hem Top,,DeepFashion top: Abstract Asymmetrical Hem Top.,
deepfashion_category/img/Abstract_Asymmetrical_Hem_Top/img_00000009.jpg,deepfashion-cfa2dd2c73ceb314,deepfashion_actual_images,non_commercial_research_only_deepfashion,top,Abstract Asymmetrical Hem Top,,DeepFashion top: Abstract Asymmetrical Hem Top.,
deepfashion_category/img/Abstract_Asymmetrical_Hem_Top/img_00000010.jpg,deepfashion-c3430784683e556b,deepfashion_actual_images,non_commercial_research_only_deepfashion,top,Abstract Asymmetrical Hem Top,,DeepFashion top: Abstract Asymmetrical Hem Top.,
deepfashion_category/img/Abstract_Asymmetrical_Hem_Top/img_00000011.jpg,deepfashion-57eefe7e764ea728,deepfashion_actual_images,non_commercial_research_only_deepfashion,top,Abstract Asymmetrical Hem Top,,DeepFashion top: Abstract Asymmetrical Hem Top.,
deepfashion_category/img/Abstract_Asymmetrical_Hem_Top/img_00000012.jpg,deepfashion-7f7884647c1ec572,deepfashion_actual_images,non_commercial_research_only_deepfashion,top,Abstract Asymmetrical Hem Top,,DeepFashion top: Abstract Asymmetrical Hem Top.,
deepfashion_category/img/Abstract_Asymmetrical_Hem_Top/img_00000013.jpg,deepfashion-d9732fb9f61267d5,deepfashion_actual_images,non_commercial_research_only_deepfashion,top,Abstract Asymmetrical Hem Top,,DeepFashion top: Abstract Asymmetrical Hem Top.,
deepfashion_category/img/Abstract_Asymmetrical_Hem_Top/img_00000014.jpg,deepfashion-e6cd215f43b1df07,deepfashion_actual_images,non_commercial_research_only_deepfashion,top,Abstract Asymmetrical Hem Top,,DeepFashion top: Abstract Asymmetrical Hem Top.,
deepfashion_category/img/Abstract_Asymmetrical_Hem_Top/img_00000015.jpg,deepfashion-5e7fdc5d685e28a3,deepfashion_actual_images,non_commercial_research_only_deepfashion,top,Abstract Asymmetrical Hem Top,,DeepFashion top: Abstract Asymmetrical Hem Top.,
deepfashion_category/img/Abstract_Asymmetrical_Hem_Top/img_00000016.jpg,deepfashion-031088c02b01f9d6,deepfashion_actual_images,non_commercial_research_only_deepfashion,top,Abstract Asymmetrical Hem Top,,DeepFashion top: Abstract Asymmetrical Hem Top.,
deepfashion_category/img/Abstract_Asymmetrical_Hem_Top/img_00000017.jpg,deepfashion-ab01df63c5caca86,deepfashion_actual_images,non_commercial_research_only_deepfashion,top,Abstract Asymmetrical Hem Top,,DeepFashion top: Abstract Asymmetrical Hem Top.,
deepfashion_category/img/Abstract_Asymmetrical_Hem_Top/img_00000018.jpg,deepfashion-804e3f671242e0b7,deepfashion_actual_images,non_commercial_research_only_deepfashion,top,Abstract Asymmetrical Hem Top,,DeepFashion top: Abstract Asymmetrical Hem Top.,
deepfashion_category/img/Abstract_Asymmetrical_Hem_Top/img_00000019.jpg,deepfashion-279c57681b90e824,deepfashion_actual_images,non_commercial_research_only_deepfashion,top,Abstract Asymmetrical Hem Top,,DeepFashion top: Abstract Asymmetrical Hem Top.,
deepfashion_category/img/Abstract_Asymmetrical_Hem_Top/img_00000020.jpg,deepfashion-a51b8190d7399dfe,deepfashion_actual_images,non_commercial_research_only_deepfashion,top,Abstract Asymmetrical Hem Top,,DeepFashion top: Abstract Asymmetrical Hem Top.,
deepfashion_category/img/Abstract_Asymmetrical_Hem_Top/img_00000021.jpg,deepfashion-dcf089d4d5767982,deepfashion_actual_images,non_commercial_research_only_deepfashion,top,Abstract Asymmetrical Hem Top,,DeepFashion top: Abstract Asymmetrical Hem Top.,
deepfashion_category/img/Abstract_Asymmetrical_Hem_Top/img_00000022.jpg,deepfashion-b08587f21a4b5c16,deepfashion_actual_images,non_commercial_research_only_deepfashion,top,Abstract Asymmetrical Hem Top,,DeepFashion top: Abstract Asymmetrical Hem Top.,
deepfashion_category/img/Abstract_Asymmetrical_Hem_Top/img_00000023.jpg,deepfashion-ab12077af79d227c,deepfashion_actual_images,non_commercial_research_only_deepfashion,top,Abstract Asymmetrical Hem Top,,DeepFashion top: Abstract Asymmetrical Hem Top.,
deepfashion_category/img/Abstract_Asymmetrical_Hem_Top/img_00000024.jpg,deepfashion-0e543c123042021c,deepfashion_actual_images,non_commercial_research_only_deepfashion,top,Abstract Asymmetrical Hem Top,,DeepFashion top: Abstract Asymmetrical Hem Top.,
deepfashion_category/img/Abstract_Asymmetrical_Hem_Top/img_00000025.jpg,deepfashion-46f01583f84a2adf,deepfashion_actual_images,non_commercial_research_only_deepfashion,top,Abstract Asymmetrical Hem Top,,DeepFashion top: Abstract Asymmetrical Hem Top.,
deepfashion_category/img/Abstract_Asymmetrical_Hem_Top/img_00000026.jpg,deepfashion-e1070fe528d2cf09,deepfashion_actual_images,non_commercial_research_only_deepfashion,top,Abstract Asymmetrical Hem Top,,DeepFashion top: Abstract Asymmetrical Hem Top.,
deepfashion_category/img/Abstract_Asymmetrical_Hem_Top/img_00000027.jpg,deepfashion-11fd46f0d29f7b68,deepfashion_actual_images,non_commercial_research_only_deepfashion,top,Abstract Asymmetrical Hem Top,,DeepFashion top: Abstract Asymmetrical Hem Top.,
deepfashion_category/img/Abstract_Asymmetrical_Hem_Top/img_00000028.jpg,deepfashion-9d0d3239059cc1ce,deepfashion_actual_images,non_commercial_research_only_deepfashion,top,Abstract Asymmetrical Hem Top,,DeepFashion top: Abstract Asymmetrical Hem Top.,
deepfashion_category/img/Abstract_Asymmetrical_Hem_Top/img_00000029.jpg,deepfashion-dbc89ca16c57eb28,deepfashion_actual_images,non_commercial_research_only_deepfashion,top,Abstract Asymmetrical Hem Top,,DeepFashion top: Abstract Asymmetrical Hem Top.,
deepfashion_category/img/Abstract_Asymmetrical_Hem_Top/img_00000030.jpg,deepfashion-e843f9e2ccbce12b,deepfashion_actual_images,non_commercial_research_only_deepfashion,top,Abstract Asymmetrical Hem Top,,DeepFashion top: Abstract Asymmetrical Hem Top.,
deepfashion_category/img/Abstract_Asymmetrical_Hem_Top/img_00000031.jpg,deepfashion-556861d03580ed0c,deepfashion_actual_images,non_commercial_research_only_deepfashion,top,Abstract Asymmetrical Hem Top,,DeepFashion top: Abstract Asymmetrical Hem Top.,
deepfashion_category/img/Abstract_Asymmetrical_Hem_Top/img_00000032.jpg,deepfashion-78c28d1f8ac2ce58,deepfashion_actual_images,non_commercial_research_only_deepfashion,top,Abstract Asymmetrical Hem Top,,DeepFashion top: Abstract Asymmetrical Hem Top.,
deepfashion_category/img/Abstract_Asymmetrical_Hem_Top/img_00000033.jpg,deepfashion-72c408ddccf47cb2,deepfashion_actual_images,non_commercial_research_only_deepfashion,top,Abstract Asymmetrical Hem Top,,DeepFashion top: Abstract Asymmetrical Hem Top.,
deepfashion_category/img/Abstract_Asymmetrical_Hem_Top/img_00000034.jpg,deepfashion-6c365731f9d4b5bb,deepfashion_actual_images,non_commercial_research_only_deepfashion,top,Abstract Asymmetrical Hem Top,,DeepFashion top: Abstract Asymmetrical Hem Top.,
deepfashion_category/img/Abstract_Asymmetrical_Hem_Top/img_00000035.jpg,deepfashion-5f58392ba85b47d1,deepfashion_actual_images,non_commercial_research_only_deepfashion,top,Abstract Asymmetrical Hem Top,,DeepFashion top: Abstract Asymmetrical Hem Top.,
deepfashion_category/img/Abstract_Asymmetrical_Hem_Top/img_00000036.jpg,deepfashion-c01d0d2526286d9a,deepfashion_actual_images,non_commercial_research_only_deepfashion,top,Abstract Asymmetrical Hem Top,,DeepFashion top: Abstract Asymmetrical Hem Top.,
deepfashion_category/img/Abstract_Asymmetrical_Hem_Top/img_00000037.jpg,deepfashion-1649c468b8278164,deepfashion_actual_images,non_commercial_research_only_deepfashion,top,Abstract Asymmetrical Hem Top,,DeepFashion top: Abstract Asymmetrical Hem Top.,
deepfashion_category/img/Abstract_Asymmetrical_Hem_Top/img_00000038.jpg,deepfashion-31b2816fb4fa34f2,deepfashion_actual_images,non_commercial_research_only_deepfashion,top,Abstract Asymmetrical Hem Top,,DeepFashion top: Abstract Asymmetrical Hem Top.,
deepfashion_category/img/Abstract_Asymmetrical_Hem_Top/img_00000039.jpg,deepfashion-595aead73869056f,deepfashion_actual_images,non_commercial_research_only_deepfashion,top,Abstract Asymmetrical Hem Top,,DeepFashion top: Abstract Asymmetrical Hem Top.,
deepfashion_category/img/Abstract_Asymmetrical_Hem_Top/img_00000040.jpg,deepfashion-f1e624ada9645f27,deepfashion_actual_images,non_commercial_research_only_deepfashion,top,Abstract Asymmetrical Hem Top,,DeepFashion top: Abstract Asymmetrical Hem Top.,
deepfashion_category/img/Abstract_Asymmetrical_Hem_Top/img_00000041.jpg,deepfashion-9bf29003042d041a,deepfashion_actual_images,non_commercial_research_only_deepfashion,top,Abstract Asymmetrical Hem Top,,DeepFashion top: Abstract Asymmetrical Hem Top.,
deepfashion_category/img/Abstract_Asymmetrical_Hem_Top/img_00000042.jpg,deepfashion-1c3f4a1c0d4dc500,deepfashion_actual_images,non_commercial_research_only_deepfashion,top,Abstract Asymmetrical Hem Top,,DeepFashion top: Abstract Asymmetrical Hem Top.,
deepfashion_category/img/Abstract_Asymmetrical_Hem_Top/img_00000043.jpg,deepfashion-487f84875202ad69,deepfashion_actual_images,non_commercial_research_only_deepfashion,top,Abstract Asymmetrical Hem Top,,DeepFashion top: Abstract Asymmetrical Hem Top.,
deepfashion_category/img/Abstract_Asymmetrical_Hem_Top/img_00000044.jpg,deepfashion-00f5f3cc1575be82,deepfashion_actual_images,non_commercial_research_only_deepfashion,top,Abstract Asymmetrical Hem Top,,DeepFashion top: Abstract Asymmetrical Hem Top.,
deepfashion_category/img/Abstract_Asymmetrical_Hem_Top/img_00000045.jpg,deepfashion-8df08c7453822982,deepfashion_actual_images,non_commercial_research_only_deepfashion,top,Abstract Asymmetrical Hem Top,,DeepFashion top: Abstract Asymmetrical Hem Top.,
deepfashion_category/img/Abstract_Asymmetrical_Hem_Top/img_00000046.jpg,deepfashion-bff45448a1e9526b,deepfashion_actual_images,non_commercial_research_only_deepfashion,top,Abstract Asymmetrical Hem Top,,DeepFashion top: Abstract Asymmetrical Hem Top.,
deepfashion_category/img/Abstract_Asymmetrical_Hem_Top/img_00000047.jpg,deepfashion-233a6e2d3d241006,deepfashion_actual_images,non_commercial_research_only_deepfashion,top,Abstract Asymmetrical Hem Top,,DeepFashion top: Abstract Asymmetrical Hem Top.,
deepfashion_category/img/Abstract_Asymmetrical_Hem_Top/img_00000048.jpg,deepfashion-22cc7e9fe391aa7c,deepfashion_actual_images,non_commercial_research_only_deepfashion,top,Abstract Asymmetrical Hem Top,,DeepFashion top: Abstract Asymmetrical Hem Top.,
deepfashion_category/img/Abstract_Asymmetrical_Hem_Top/img_00000049.jpg,deepfashion-9b90c918b3210086,deepfashion_actual_images,non_commercial_research_only_deepfashion,top,Abstract Asymmetrical Hem Top,,DeepFashion top: Abstract Asymmetrical Hem Top.,
deepfashion_category/img/Abstract_Asymmetrical_Hem_Top/img_00000050.jpg,deepfashion-7ace28dba2c665a6,deepfashion_actual_images,non_commercial_research_only_deepfashion,top,Abstract Asymmetrical Hem Top,,DeepFashion top: Abstract Asymmetrical Hem Top.,
deepfashion_category/img/Abstract_Asymmetrical_Hem_Top/img_00000051.jpg,deepfashion-7b95c6a37faed63a,deepfashion_actual_images,non_commercial_research_only_deepfashion,top,Abstract Asymmetrical Hem Top,,DeepFashion top: Abstract Asymmetrical Hem Top.,
deepfashion_category/img/Abstract_Asymmetrical_Hem_Top/img_00000052.jpg,deepfashion-abb6ac29867daddd,deepfashion_actual_images,non_commercial_research_only_deepfashion,top,Abstract Asymmetrical Hem Top,,DeepFashion top: Abstract Asymmetrical Hem Top.,
deepfashion_category/img/Abstract_Bodycon_Dress/img_00000001.jpg,deepfashion-9f4a279e5f760ad0,deepfashion_actual_images,non_commercial_research_only_deepfashion,dress,Abstract Bodycon Dress,,DeepFashion dress: Abstract Bodycon Dress.,
deepfashion_category/img/Abstract_Bodycon_Dress/img_00000002.jpg,deepfashion-bd45ee4c0c7c757d,deepfashion_actual_images,non_commercial_research_only_deepfashion,dress,Abstract Bodycon Dress,,DeepFashion dress: Abstract Bodycon Dress.,
deepfashion_category/img/Abstract_Bodycon_Dress/img_00000003.jpg,deepfashion-f59c68437b7ab9ef,deepfashion_actual_images,non_commercial_research_only_deepfashion,dress,Abstract Bodycon Dress,,DeepFashion dress: Abstract Bodycon Dress.,
deepfashion_category/img/Abstract_Bodycon_Dress/img_00000004.jpg,deepfashion-ff07daeea6702b46,deepfashion_actual_images,non_commercial_research_only_deepfashion,dress,Abstract Bodycon Dress,,DeepFashion dress: Abstract Bodycon Dress.,
deepfashion_category/img/Abstract_Bodycon_Dress/img_00000005.jpg,deepfashion-783a534261293cd8,deepfashion_actual_images,non_commercial_research_only_deepfashion,dress,Abstract Bodycon Dress,,DeepFashion dress: Abstract Bodycon Dress.,
deepfashion_category/img/Abstract_Bodycon_Dress/img_00000006.jpg,deepfashion-e1d4b8e89806a186,deepfashion_actual_images,non_commercial_research_only_deepfashion,dress,Abstract Bodycon Dress,,DeepFashion dress: Abstract Bodycon Dress.,
deepfashion_category/img/Abstract_Bodycon_Dress/img_00000007.jpg,deepfashion-a11f01579d92bb41,deepfashion_actual_images,non_commercial_research_only_deepfashion,dress,Abstract Bodycon Dress,,DeepFashion dress: Abstract Bodycon Dress.,
deepfashion_category/img/Abstract_Bodycon_Dress/img_00000008.jpg,deepfashion-149dc0c15c0fa391,deepfashion_actual_images,non_commercial_research_only_deepfashion,dress,Abstract Bodycon Dress,,DeepFashion dress: Abstract Bodycon Dress.,
deepfashion_category/img/Abstract_Bodycon_Dress/img_00000009.jpg,deepfashion-708628122f038a34,deepfashion_actual_images,non_commercial_research_only_deepfashion,dress,Abstract Bodycon Dress,,DeepFashion dress: Abstract Bodycon Dress.,
deepfashion_category/img/Abstract_Bodycon_Dress/img_00000010.jpg,deepfashion-8537663564534298,deepfashion_actual_images,non_commercial_research_only_deepfashion,dress,Abstract Bodycon Dress,,DeepFashion dress: Abstract Bodycon Dress.,
deepfashion_category/img/Abstract_Bodycon_Dress/img_00000011.jpg,deepfashion-1cac9e471f8f7e5c,deepfashion_actual_images,non_commercial_research_only_deepfashion,dress,Abstract Bodycon Dress,,DeepFashion dress: Abstract Bodycon Dress.,
deepfashion_category/img/Abstract_Bodycon_Dress/img_00000012.jpg,deepfashion-b749820d597573b7,deepfashion_actual_images,non_commercial_research_only_deepfashion,dress,Abstract Bodycon Dress,,DeepFashion dress: Abstract Bodycon Dress.,
deepfashion_category/img/Abstract_Bodycon_Dress/img_00000013.jpg,deepfashion-5c36643c46979ab3,deepfashion_actual_images,non_commercial_research_only_deepfashion,dress,Abstract Bodycon Dress,,DeepFashion dress: Abstract Bodycon Dress.,
deepfashion_category/img/Abstract_Bodycon_Dress/img_00000014.jpg,deepfashion-e478a8f441bef12e,deepfashion_actual_images,non_commercial_research_only_deepfashion,dress,Abstract Bodycon Dress,,DeepFashion dress: Abstract Bodycon Dress.,
deepfashion_category/img/Abstract_Bodycon_Dress/img_00000015.jpg,deepfashion-95dcea76c14efebf,deepfashion_actual_images,non_commercial_research_only_deepfashion,dress,Abstract Bodycon Dress,,DeepFashion dress: Abstract Bodycon Dress.,
deepfashion_category/img/Abstract_Bodycon_Dress/img_00000016.jpg,deepfashion-4f99684c13cd302c,deepfashion_actual_images,non_commercial_research_only_deepfashion,dress,Abstract Bodycon Dress,,DeepFashion dress: Abstract Bodycon Dress.,
deepfashion_category/img/Abstract_Bodycon_Dress/img_00000017.jpg,deepfashion-94bb994ec01bec5e,deepfashion_actual_images,non_commercial_research_only_deepfashion,dress,Abstract Bodycon Dress,,DeepFashion dress: Abstract Bodycon Dress.,
deepfashion_category/img/Abstract_Bodycon_Dress/img_00000018.jpg,deepfashion-e4bffdf291455a85,deepfashion_actual_images,non_commercial_research_only_deepfashion,dress,Abstract Bodycon Dress,,DeepFashion dress: Abstract Bodycon Dress.,
deepfashion_category/img/Abstract_Bodycon_Dress/img_00000019.jpg,deepfashion-5c783f99f4f0789d,deepfashion_actual_images,non_commercial_research_only_deepfashion,dress,Abstract Bodycon Dress,,DeepFashion dress: Abstract Bodycon Dress.,
deepfashion_category/img/Abstract_Bodycon_Dress/img_00000020.jpg,deepfashion-22094ec662762cad,deepfashion_actual_images,non_commercial_research_only_deepfashion,dress,Abstract Bodycon Dress,,DeepFashion dress: Abstract Bodycon Dress.,
deepfashion_category/img/Abstract_Bodycon_Dress/img_00000021.jpg,deepfashion-8b3c4c375b53a82f,deepfashion_actual_images,non_commercial_research_only_deepfashion,dress,Abstract Bodycon Dress,,DeepFashion dress: Abstract Bodycon Dress.,
deepfashion_category/img/Abstract_Bodycon_Dress/img_00000022.jpg,deepfashion-1a11edcc3443332c,deepfashion_actual_images,non_commercial_research_only_deepfashion,dress,Abstract Bodycon Dress,,DeepFashion dress: Abstract Bodycon Dress.,
deepfashion_category/img/Abstract_Brushstroke_Pocket_Top/img_00000001.jpg,deepfashion-64159c92ab6134c6,deepfashion_actual_images,non_commercial_research_only_deepfashion,top,Abstract Brushstroke Pocket Top,,DeepFashion top: Abstract Brushstroke Pocket Top.,
deepfashion_category/img/Abstract_Brushstroke_Pocket_Top/img_00000002.jpg,deepfashion-1df3394f6f2e2e3f,deepfashion_actual_images,non_commercial_research_only_deepfashion,top,Abstract Brushstroke Pocket Top,,DeepFashion top: Abstract Brushstroke Pocket Top.,
deepfashion_category/img/Abstract_Brushstroke_Pocket_Top/img_00000003.jpg,deepfashion-2cd6134263f08899,deepfashion_actual_images,non_commercial_research_only_deepfashion,top,Abstract Brushstroke Pocket Top,,DeepFashion top: Abstract Brushstroke Pocket Top.,
deepfashion_category/img/Abstract_Brushstroke_Pocket_Top/img_00000004.jpg,deepfashion-0f1ece833973b2ce,deepfashion_actual_images,non_commercial_research_only_deepfashion,top,Abstract Brushstroke Pocket Top,,DeepFashion top: Abstract Brushstroke Pocket Top.,
deepfashion_category/img/Abstract_Brushstroke_Pocket_Top/img_00000005.jpg,deepfashion-2c90f41f0016edc9,deepfashion_actual_images,non_commercial_research_only_deepfashion,top,Abstract Brushstroke Pocket Top,,DeepFashion top: Abstract Brushstroke Pocket Top.,
deepfashion_category/img/Abstract_Brushstroke_Pocket_Top/img_00000006.jpg,deepfashion-29aaaf50b3727b5d,deepfashion_actual_images,non_commercial_research_only_deepfashion,top,Abstract Brushstroke Pocket Top,,DeepFashion top: Abstract Brushstroke Pocket Top.,
deepfashion_category/img/Abstract_Brushstroke_Pocket_Top/img_00000007.jpg,deepfashion-255d1a35bedb3962,deepfashion_actual_images,non_commercial_research_only_deepfashion,top,Abstract Brushstroke Pocket Top,,DeepFashion top: Abstract Brushstroke Pocket Top.,
deepfashion_category/img/Abstract_Brushstroke_Pocket_Top/img_00000008.jpg,deepfashion-1cb10d45855a7c2d,deepfashion_actual_images,non_commercial_research_only_deepfashion,top,Abstract Brushstroke Pocket Top,,DeepFashion top: Abstract Brushstroke Pocket Top.,
deepfashion_category/img/Abstract_Brushstroke_Pocket_Top/img_00000009.jpg,deepfashion-b2c1d9ba9dbc4137,deepfashion_actual_images,non_commercial_research_only_deepfashion,top,Abstract Brushstroke Pocket Top,,DeepFashion top: Abstract Brushstroke Pocket Top.,
deepfashion_category/img/Abstract_Brushstroke_Pocket_Top/img_00000010.jpg,deepfashion-da8e76e77b373674,deepfashion_actual_images,non_commercial_research_only_deepfashion,top,Abstract Brushstroke Pocket Top,,DeepFashion top: Abstract Brushstroke Pocket Top.,
deepfashion_category/img/Abstract_Brushstroke_Pocket_Top/img_00000011.jpg,deepfashion-b4b24bd33c96d154,deepfashion_actual_images,non_commercial_research_only_deepfashion,top,Abstract Brushstroke Pocket Top,,DeepFashion top: Abstract Brushstroke Pocket Top.,
deepfashion_category/img/Abstract_Brushstroke_Pocket_Top/img_00000012.jpg,deepfashion-daddfd8323b6c5d2,deepfashion_actual_images,non_commercial_research_only_deepfashion,top,Abstract Brushstroke Pocket Top,,DeepFashion top: Abstract Brushstroke Pocket Top.,
deepfashion_category/img/Abstract_Brushstroke_Pocket_Top/img_00000013.jpg,deepfashion-8768a4c48ddfc3c3,deepfashion_actual_images,non_commercial_research_only_deepfashion,top,Abstract Brushstroke Pocket Top,,DeepFashion top: Abstract Brushstroke Pocket Top.,
deepfashion_category/img/Abstract_Brushstroke_Pocket_Top/img_00000014.jpg,deepfashion-f1975b834d0ea77b,deepfashion_actual_images,non_commercial_research_only_deepfashion,top,Abstract Brushstroke Pocket Top,,DeepFashion top: Abstract Brushstroke Pocket Top.,
deepfashion_category/img/Abstract_Brushstroke_Pocket_Top/img_00000015.jpg,deepfashion-91086863cfa31413,deepfashion_actual_images,non_commercial_research_only_deepfashion,top,Abstract Brushstroke Pocket Top,,DeepFashion top: Abstract Brushstroke Pocket Top.,
deepfashion_category/img/Abstract_Brushstroke_Pocket_Top/img_00000016.jpg,deepfashion-cd7d1b017d799f0c,deepfashion_actual_images,non_commercial_research_only_deepfashion,top,Abstract Brushstroke Pocket Top,,DeepFashion top: Abstract Brushstroke Pocket Top.,
deepfashion_category/img/Abstract_Brushstroke_Pocket_Top/img_00000017.jpg,deepfashion-4707155546fa2c12,deepfashion_actual_images,non_commercial_research_only_deepfashion,top,Abstract Brushstroke Pocket Top,,DeepFashion top: Abstract Brushstroke Pocket Top.,
deepfashion_category/img/Abstract_Brushstroke_Pocket_Top/img_00000018.jpg,deepfashion-2e70fd0bbc8151bc,deepfashion_actual_images,non_commercial_research_only_deepfashion,top,Abstract Brushstroke Pocket Top,,DeepFashion top: Abstract Brushstroke Pocket Top.,
deepfashion_category/img/Abstract_Brushstroke_Pocket_Top/img_00000019.jpg,deepfashion-dbcebebb69694026,deepfashion_actual_images,non_commercial_research_only_deepfashion,top,Abstract Brushstroke Pocket Top,,DeepFashion top: Abstract Brushstroke Pocket Top.,
deepfashion_category/img/Abstract_Brushstroke_Pocket_Top/img_00000020.jpg,deepfashion-2108921f5ab324d9,deepfashion_actual_images,non_commercial_research_only_deepfashion,top,Abstract Brushstroke Pocket Top,,DeepFashion top: Abstract Brushstroke Pocket Top.,
deepfashion_category/img/Abstract_Brushstroke_Pocket_Top/img_00000021.jpg,deepfashion-d2fea89c1b2068b8,deepfashion_actual_images,non_commercial_research_only_deepfashion,top,Abstract Brushstroke Pocket Top,,DeepFashion top: Abstract Brushstroke Pocket Top.,
deepfashion_category/img/Abstract_Brushstroke_Pocket_Top/img_00000022.jpg,deepfashion-bd2e6645ddc38d55,deepfashion_actual_images,non_commercial_research_only_deepfashion,top,Abstract Brushstroke Pocket Top,,DeepFashion top: Abstract Brushstroke Pocket Top.,
deepfashion_category/img/Abstract_Brushstroke_Pocket_Top/img_00000023.jpg,deepfashion-3c1d5a87e440bb34,deepfashion_actual_images,non_commercial_research_only_deepfashion,top,Abstract Brushstroke Pocket Top,,DeepFashion top: Abstract Brushstroke Pocket Top.,
deepfashion_category/img/Abstract_Brushstroke_Pocket_Top/img_00000024.jpg,deepfashion-d5a0cae2bd510e87,deepfashion_actual_images,non_commercial_research_only_deepfashion,top,Abstract Brushstroke Pocket Top,,DeepFashion top: Abstract Brushstroke Pocket Top.,
deepfashion_category/img/Abstract_Brushstroke_Pocket_Top/img_00000025.jpg,deepfashion-51939b4aa92120db,deepfashion_actual_images,non_commercial_research_only_deepfashion,top,Abstract Brushstroke Pocket Top,,DeepFashion top: Abstract Brushstroke Pocket Top.,
deepfashion_category/img/Abstract_Brushstroke_Pocket_Top/img_00000026.jpg,deepfashion-1005d18f94095409,deepfashion_actual_images,non_commercial_research_only_deepfashion,top,Abstract Brushstroke Pocket Top,,DeepFashion top: Abstract Brushstroke Pocket Top.,
deepfashion_category/img/Abstract_Brushstroke_Pocket_Top/img_00000027.jpg,deepfashion-670f4d5f93827729,deepfashion_actual_images,non_commercial_research_only_deepfashion,top,Abstract Brushstroke Pocket Top,,DeepFashion top: Abstract Brushstroke Pocket Top.,
deepfashion_category/img/Abstract_Brushstroke_Pocket_Top/img_00000028.jpg,deepfashion-16b9befdd244ce3a,deepfashion_actual_images,non_commercial_research_only_deepfashion,top,Abstract Brushstroke Pocket Top,,DeepFashion top: Abstract Brushstroke Pocket Top.,
deepfashion_category/img/Abstract_Brushstroke_Pocket_Top/img_00000029.jpg,deepfashion-0ffe3f768ec7b179,deepfashion_actual_images,non_commercial_research_only_deepfashion,top,Abstract Brushstroke Pocket Top,,DeepFashion top: Abstract Brushstroke Pocket Top.,
deepfashion_category/img/Abstract_Brushstroke_Pocket_Top/img_00000030.jpg,deepfashion-dac047b8a21eb509,deepfashion_actual_images,non_commercial_research_only_deepfashion,top,Abstract Brushstroke Pocket Top,,DeepFashion top: Abstract Brushstroke Pocket Top.,
deepfashion_category/img/Abstract_Brushstroke_Pocket_Top/img_00000031.jpg,deepfashion-360fad8745d36a8e,deepfashion_actual_images,non_commercial_research_only_deepfashion,top,Abstract Brushstroke Pocket Top,,DeepFashion top: Abstract Brushstroke Pocket Top.,
deepfashion_category/img/Abstract_Brushstroke_Pocket_Top/img_00000032.jpg,deepfashion-dded6224917ff3a6,deepfashion_actual_images,non_commercial_research_only_deepfashion,top,Abstract Brushstroke Pocket Top,,DeepFashion top: Abstract Brushstroke Pocket Top.,
deepfashion_category/img/Abstract_Brushstroke_Pocket_Top/img_00000033.jpg,deepfashion-8cbfba349d3760cb,deepfashion_actual_images,non_commercial_research_only_deepfashion,top,Abstract Brushstroke Pocket Top,,DeepFashion top: Abstract Brushstroke Pocket Top.,
deepfashion_category/img/Abstract_Brushstroke_Pocket_Top/img_00000034.jpg,deepfashion-bc6b959ce6f0a09e,deepfashion_actual_images,non_commercial_research_only_deepfashion,top,Abstract Brushstroke Pocket Top,,DeepFashion top: Abstract Brushstroke Pocket Top.,
deepfashion_category/img/Abstract_Brushstroke_Pocket_Top/img_00000035.jpg,deepfashion-d8e55be0b93af505,deepfashion_actual_images,non_commercial_research_only_deepfashion,top,Abstract Brushstroke Pocket Top,,DeepFashion top: Abstract Brushstroke Pocket Top.,
deepfashion_category/img/Abstract_Brushstroke_Pocket_Top/img_00000036.jpg,deepfashion-d6bca5f8f7b1bc39,deepfashion_actual_images,non_commercial_research_only_deepfashion,top,Abstract Brushstroke Pocket Top,,DeepFashion top: Abstract Brushstroke Pocket Top.,
deepfashion_category/img/Abstract_Brushstroke_Pocket_Top/img_00000037.jpg,deepfashion-7d6eb0fce5d79cd4,deepfashion_actual_images,non_commercial_research_only_deepfashion,top,Abstract Brushstroke Pocket Top,,DeepFashion top: Abstract Brushstroke Pocket Top.,
deepfashion_category/img/Abstract_Brushstroke_Print_Pencil_Skirt/img_00000001.jpg,deepfashion-fb1746fb4005a26f,deepfashion_actual_images,non_commercial_research_only_deepfashion,skirt,Abstract Brushstroke Print Pencil Skirt,,DeepFashion skirt: Abstract Brushstroke Print Pencil Skirt.,
deepfashion_category/img/Abstract_Brushstroke_Print_Pencil_Skirt/img_00000002.jpg,deepfashion-d9018cf0d8e397df,deepfashion_actual_images,non_commercial_research_only_deepfashion,skirt,Abstract Brushstroke Print Pencil Skirt,,DeepFashion skirt: Abstract Brushstroke Print Pencil Skirt.,
deepfashion_category/img/Abstract_Brushstroke_Print_Pencil_Skirt/img_00000003.jpg,deepfashion-e1f87aeb98727769,deepfashion_actual_images,non_commercial_research_only_deepfashion,skirt,Abstract Brushstroke Print Pencil Skirt,,DeepFashion skirt: Abstract Brushstroke Print Pencil Skirt.,
deepfashion_category/img/Abstract_Brushstroke_Print_Pencil_Skirt/img_00000004.jpg,deepfashion-5d81075ecec1f476,deepfashion_actual_images,non_commercial_research_only_deepfashion,skirt,Abstract Brushstroke Print Pencil Skirt,,DeepFashion skirt: Abstract Brushstroke Print Pencil Skirt.,
deepfashion_category/img/Abstract_Brushstroke_Print_Pencil_Skirt/img_00000005.jpg,deepfashion-9fe3d62fc1b3eeb1,deepfashion_actual_images,non_commercial_research_only_deepfashion,skirt,Abstract Brushstroke Print Pencil Skirt,,DeepFashion skirt: Abstract Brushstroke Print Pencil Skirt.,
deepfashion_category/img/Abstract_Brushstroke_Print_Pencil_Skirt/img_00000006.jpg,deepfashion-29009700bcff5973,deepfashion_actual_images,non_commercial_research_only_deepfashion,skirt,Abstract Brushstroke Print Pencil Skirt,,DeepFashion skirt: Abstract Brushstroke Print Pencil Skirt.,
deepfashion_category/img/Abstract_Brushstroke_Print_Pencil_Skirt/img_00000007.jpg,deepfashion-51e6d54f92187f1c,deepfashion_actual_images,non_commercial_research_only_deepfashion,skirt,Abstract Brushstroke Print Pencil Skirt,,DeepFashion skirt: Abstract Brushstroke Print Pencil Skirt.,
deepfashion_category/img/Abstract_Brushstroke_Print_Pencil_Skirt/img_00000008.jpg,deepfashion-eb6ae22082ecc6c7,deepfashion_actual_images,non_commercial_research_only_deepfashion,skirt,Abstract Brushstroke Print Pencil Skirt,,DeepFashion skirt: Abstract Brushstroke Print Pencil Skirt.,
deepfashion_category/img/Abstract_Brushstroke_Print_Pencil_Skirt/img_00000009.jpg,deepfashion-8f3a586fd5602a92,deepfashion_actual_images,non_commercial_research_only_deepfashion,skirt,Abstract Brushstroke Print Pencil Skirt,,DeepFashion skirt: Abstract Brushstroke Print Pencil Skirt.,
deepfashion_category/img/Abstract_Brushstroke_Print_Pencil_Skirt/img_00000010.jpg,deepfashion-4970bc8f95ce2d32,deepfashion_actual_images,non_commercial_research_only_deepfashion,skirt,Abstract Brushstroke Print Pencil Skirt,,DeepFashion skirt: Abstract Brushstroke Print Pencil Skirt.,
deepfashion_category/img/Abstract_Brushstroke_Print_Pencil_Skirt/img_00000011.jpg,deepfashion-2fe8abf753ee793a,deepfashion_actual_images,non_commercial_research_only_deepfashion,skirt,Abstract Brushstroke Print Pencil Skirt,,DeepFashion skirt: Abstract Brushstroke Print Pencil Skirt.,
deepfashion_category/img/Abstract_Brushstroke_Print_Pencil_Skirt/img_00000012.jpg,deepfashion-ebf8a7c7249fe97f,deepfashion_actual_images,non_commercial_research_only_deepfashion,skirt,Abstract Brushstroke Print Pencil Skirt,,DeepFashion skirt: Abstract Brushstroke Print Pencil Skirt.,
deepfashion_category/img/Abstract_Brushstroke_Print_Pencil_Skirt/img_00000013.jpg,deepfashion-4693faed724edb80,deepfashion_actual_images,non_commercial_research_only_deepfashion,skirt,Abstract Brushstroke Print Pencil Skirt,,DeepFashion skirt: Abstract Brushstroke Print Pencil Skirt.,
deepfashion_category/img/Abstract_Brushstroke_Print_Pencil_Skirt/img_00000014.jpg,deepfashion-d09e3f64728fcc9a,deepfashion_actual_images,non_commercial_research_only_deepfashion,skirt,Abstract Brushstroke Print Pencil Skirt,,DeepFashion skirt: Abstract Brushstroke Print Pencil Skirt.,
deepfashion_category/img/Abstract_Brushstroke_Print_Pencil_Skirt/img_00000015.jpg,deepfashion-c7f6f81601dcf98e,deepfashion_actual_images,non_commercial_research_only_deepfashion,skirt,Abstract Brushstroke Print Pencil Skirt,,DeepFashion skirt: Abstract Brushstroke Print Pencil Skirt.,
deepfashion_category/img/Abstract_Brushstroke_Print_Pencil_Skirt/img_00000016.jpg,deepfashion-93f0a30362dd5722,deepfashion_actual_images,non_commercial_research_only_deepfashion,skirt,Abstract Brushstroke Print Pencil Skirt,,DeepFashion skirt: Abstract Brushstroke Print Pencil Skirt.,
deepfashion_category/img/Abstract_Brushstroke_Print_Pencil_Skirt/img_00000017.jpg,deepfashion-16bd5fb5dad51e16,deepfashion_actual_images,non_commercial_research_only_deepfashion,skirt,Abstract Brushstroke Print Pencil Skirt,,DeepFashion skirt: Abstract Brushstroke Print Pencil Skirt.,
deepfashion_category/img/Abstract_Brushstroke_Print_Pencil_Skirt/img_00000018.jpg,deepfashion-d1746f0fa27bb1f7,deepfashion_actual_images,non_commercial_research_only_deepfashion,skirt,Abstract Brushstroke Print Pencil Skirt,,DeepFashion skirt: Abstract Brushstroke Print Pencil Skirt.,
deepfashion_category/img/Abstract_Brushstroke_Print_Pencil_Skirt/img_00000019.jpg,deepfashion-3fc14d7f23784929,deepfashion_actual_images,non_commercial_research_only_deepfashion,skirt,Abstract Brushstroke Print Pencil Skirt,,DeepFashion skirt: Abstract Brushstroke Print Pencil Skirt.,
deepfashion_category/img/Abstract_Brushstroke_Print_Pencil_Skirt/img_00000020.jpg,deepfashion-b8f91cd7153a5c42,deepfashion_actual_images,non_commercial_research_only_deepfashion,skirt,Abstract Brushstroke Print Pencil Skirt,,DeepFashion skirt: Abstract Brushstroke Print Pencil Skirt.,
deepfashion_category/img/Abstract_Brushstroke_Print_Pencil_Skirt/img_00000021.jpg,deepfashion-e0e644c97974009c,deepfashion_actual_images,non_commercial_research_only_deepfashion,skirt,Abstract Brushstroke Print Pencil Skirt,,DeepFashion skirt: Abstract Brushstroke Print Pencil Skirt.,
deepfashion_category/img/Abstract_Brushstroke_Print_Pencil_Skirt/img_00000022.jpg,deepfashion-3891ab28689e3a8d,deepfashion_actual_images,non_commercial_research_only_deepfashion,skirt,Abstract Brushstroke Print Pencil Skirt,,DeepFashion skirt: Abstract Brushstroke Print Pencil Skirt.,
deepfashion_category/img/Abstract_Brushstroke_Print_Pencil_Skirt/img_00000023.jpg,deepfashion-7a76a8a8381203aa,deepfashion_actual_images,non_commercial_research_only_deepfashion,skirt,Abstract Brushstroke Print Pencil Skirt,,DeepFashion skirt: Abstract Brushstroke Print Pencil Skirt.,
deepfashion_category/img/Abstract_Brushstroke_Print_Pencil_Skirt/img_00000024.jpg,deepfashion-b411be1b2794b00e,deepfashion_actual_images,non_commercial_research_only_deepfashion,skirt,Abstract Brushstroke Print Pencil Skirt,,DeepFashion skirt: Abstract Brushstroke Print Pencil Skirt.,
deepfashion_category/img/Abstract_Brushstroke_Print_Pencil_Skirt/img_00000025.jpg,deepfashion-74f1694f11884df0,deepfashion_actual_images,non_commercial_research_only_deepfashion,skirt,Abstract Brushstroke Print Pencil Skirt,,DeepFashion skirt: Abstract Brushstroke Print Pencil Skirt.,
deepfashion_category/img/Abstract_Brushstroke_Print_Pencil_Skirt/img_00000026.jpg,deepfashion-3de285affc351aae,deepfashion_actual_images,non_commercial_research_only_deepfashion,skirt,Abstract Brushstroke Print Pencil Skirt,,DeepFashion skirt: Abstract Brushstroke Print Pencil Skirt.,
deepfashion_category/img/Abstract_Brushstroke_Print_Pencil_Skirt/img_00000027.jpg,deepfashion-e16d5a3add56490f,deepfashion_actual_images,non_commercial_research_only_deepfashion,skirt,Abstract Brushstroke Print Pencil Skirt,,DeepFashion skirt: Abstract Brushstroke Print Pencil Skirt.,
deepfashion_category/img/Abstract_Brushstroke_Print_Pencil_Skirt/img_00000028.jpg,deepfashion-fd16ae31837da661,deepfashion_actual_images,non_commercial_research_only_deepfashion,skirt,Abstract Brushstroke Print Pencil Skirt,,DeepFashion skirt: Abstract Brushstroke Print Pencil Skirt.,
deepfashion_category/img/Abstract_Brushstroke_Print_Pencil_Skirt/img_00000029.jpg,deepfashion-69862f7d4d02a22c,deepfashion_actual_images,non_commercial_research_only_deepfashion,skirt,Abstract Brushstroke Print Pencil Skirt,,DeepFashion skirt: Abstract Brushstroke Print Pencil Skirt.,
deepfashion_category/img/Abstract_Brushstroke_Print_Pencil_Skirt/img_00000030.jpg,deepfashion-920b1a903f0a0699,deepfashion_actual_images,non_commercial_research_only_deepfashion,skirt,Abstract Brushstroke Print Pencil Skirt,,DeepFashion skirt: Abstract Brushstroke Print Pencil Skirt.,
deepfashion_category/img/Abstract_Brushstroke_Print_Pencil_Skirt/img_00000031.jpg,deepfashion-fd00e58d4eaf44ad,deepfashion_actual_images,non_commercial_research_only_deepfashion,skirt,Abstract Brushstroke Print Pencil Skirt,,DeepFashion skirt: Abstract Brushstroke Print Pencil Skirt.,
deepfashion_category/img/Abstract_Brushstroke_Print_Pencil_Skirt/img_00000032.jpg,deepfashion-3823caaadc32c6ee,deepfashion_actual_images,non_commercial_research_only_deepfashion,skirt,Abstract Brushstroke Print Pencil Skirt,,DeepFashion skirt: Abstract Brushstroke Print Pencil Skirt.,
deepfashion_category/img/Abstract_Brushstroke_Print_Pencil_Skirt/img_00000033.jpg,deepfashion-d00a96d595098f60,deepfashion_actual_images,non_commercial_research_only_deepfashion,skirt,Abstract Brushstroke Print Pencil Skirt,,DeepFashion skirt: Abstract Brushstroke Print Pencil Skirt.,
deepfashion_category/img/Abstract_Brushstroke_Print_Pencil_Skirt/img_00000034.jpg,deepfashion-79062f2fea284875,deepfashion_actual_images,non_commercial_research_only_deepfashion,skirt,Abstract Brushstroke Print Pencil Skirt,,DeepFashion skirt: Abstract Brushstroke Print Pencil Skirt.,
deepfashion_category/img/Abstract_Brushstroke_Print_Pencil_Skirt/img_00000035.jpg,deepfashion-b407b018aee20e3c,deepfashion_actual_images,non_commercial_research_only_deepfashion,skirt,Abstract Brushstroke Print Pencil Skirt,,DeepFashion skirt: Abstract Brushstroke Print Pencil Skirt.,
deepfashion_category/img/Abstract_Brushstroke_Print_Pencil_Skirt/img_00000036.jpg,deepfashion-bfb440d3b566ae4d,deepfashion_actual_images,non_commercial_research_only_deepfashion,skirt,Abstract Brushstroke Print Pencil Skirt,,DeepFashion skirt: Abstract Brushstroke Print Pencil Skirt.,
deepfashion_category/img/Abstract_Brushstroke_Sweater/img_00000001.jpg,deepfashion-3bb18e683ddfca1f,deepfashion_actual_images,non_commercial_research_only_deepfashion,sweater,Abstract Brushstroke Sweater,,DeepFashion sweater: Abstract Brushstroke Sweater.,
deepfashion_category/img/Abstract_Brushstroke_Sweater/img_00000002.jpg,deepfashion-a4929f03e4dddd8d,deepfashion_actual_images,non_commercial_research_only_deepfashion,sweater,Abstract Brushstroke Sweater,,DeepFashion sweater: Abstract Brushstroke Sweater.,
deepfashion_category/img/Abstract_Brushstroke_Sweater/img_00000003.jpg,deepfashion-824360ce1b12e534,deepfashion_actual_images,non_commercial_research_only_deepfashion,sweater,Abstract Brushstroke Sweater,,DeepFashion sweater: Abstract Brushstroke Sweater.,
deepfashion_category/img/Abstract_Brushstroke_Sweater/img_00000004.jpg,deepfashion-79f132a2a95302d0,deepfashion_actual_images,non_commercial_research_only_deepfashion,sweater,Abstract Brushstroke Sweater,,DeepFashion sweater: Abstract Brushstroke Sweater.,
deepfashion_category/img/Abstract_Brushstroke_Sweater/img_00000005.jpg,deepfashion-174abbaa57b4745f,deepfashion_actual_images,non_commercial_research_only_deepfashion,sweater,Abstract Brushstroke Sweater,,DeepFashion sweater: Abstract Brushstroke Sweater.,
deepfashion_category/img/Abstract_Brushstroke_Sweater/img_00000006.jpg,deepfashion-f29eaf2465d1bd53,deepfashion_actual_images,non_commercial_research_only_deepfashion,sweater,Abstract Brushstroke Sweater,,DeepFashion sweater: Abstract Brushstroke Sweater.,
deepfashion_category/img/Abstract_Brushstroke_Sweater/img_00000007.jpg,deepfashion-1366a2ecc1a49d6c,deepfashion_actual_images,non_commercial_research_only_deepfashion,sweater,Abstract Brushstroke Sweater,,DeepFashion sweater: Abstract Brushstroke Sweater.,
deepfashion_category/img/Abstract_Brushstroke_Sweater/img_00000008.jpg,deepfashion-007bce33e6d52bb1,deepfashion_actual_images,non_commercial_research_only_deepfashion,sweater,Abstract Brushstroke Sweater,,DeepFashion sweater: Abstract Brushstroke Sweater.,
deepfashion_category/img/Abstract_Brushstroke_Sweater/img_00000009.jpg,deepfashion-17224ad36a4dbfaa,deepfashion_actual_images,non_commercial_research_only_deepfashion,sweater,Abstract Brushstroke Sweater,,DeepFashion sweater: Abstract Brushstroke Sweater.,
deepfashion_category/img/Abstract_Brushstroke_Sweater/img_00000010.jpg,deepfashion-6c65fa7acc8bfcaa,deepfashion_actual_images,non_commercial_research_only_deepfashion,sweater,Abstract Brushstroke Sweater,,DeepFashion sweater: Abstract Brushstroke Sweater.,
deepfashion_category/img/Abstract_Brushstroke_Sweater/img_00000011.jpg,deepfashion-81e8d1b58e3f54d4,deepfashion_actual_images,non_commercial_research_only_deepfashion,sweater,Abstract Brushstroke Sweater,,DeepFashion sweater: Abstract Brushstroke Sweater.,
deepfashion_category/img/Abstract_Brushstroke_Sweater/img_00000012.jpg,deepfashion-d42a1f4e2cf5f93a,deepfashion_actual_images,non_commercial_research_only_deepfashion,sweater,Abstract Brushstroke Sweater,,DeepFashion sweater: Abstract Brushstroke Sweater.,
deepfashion_category/img/Abstract_Brushstroke_Sweater/img_00000013.jpg,deepfashion-2e8c20734b5bb9ca,deepfashion_actual_images,non_commercial_research_only_deepfashion,sweater,Abstract Brushstroke Sweater,,DeepFashion sweater: Abstract Brushstroke Sweater.,
deepfashion_category/img/Abstract_Brushstroke_Sweater/img_00000014.jpg,deepfashion-fc832027fca1984a,deepfashion_actual_images,non_commercial_research_only_deepfashion,sweater,Abstract Brushstroke Sweater,,DeepFashion sweater: Abstract Brushstroke Sweater.,
deepfashion_category/img/Abstract_Brushstroke_Sweater/img_00000015.jpg,deepfashion-7f08d7ec88fd2b18,deepfashion_actual_images,non_commercial_research_only_deepfashion,sweater,Abstract Brushstroke Sweater,,DeepFashion sweater: Abstract Brushstroke Sweater.,
deepfashion_category/img/Abstract_Brushstroke_Sweater/img_00000016.jpg,deepfashion-5cf628273fca2fd5,deepfashion_actual_images,non_commercial_research_only_deepfashion,sweater,Abstract Brushstroke Sweater,,DeepFashion sweater: Abstract Brushstroke Sweater.,
deepfashion_category/img/Abstract_Brushstroke_Sweater/img_00000017.jpg,deepfashion-0917bc10f5292d07,deepfashion_actual_images,non_commercial_research_only_deepfashion,sweater,Abstract Brushstroke Sweater,,DeepFashion sweater: Abstract Brushstroke Sweater.,
deepfashion_category/img/Abstract_Brushstroke_Sweater/img_00000018.jpg,deepfashion-a07b829d102b5e1f,deepfashion_actual_images,non_commercial_research_only_deepfashion,sweater,Abstract Brushstroke Sweater,,DeepFashion sweater: Abstract Brushstroke Sweater.,
deepfashion_category/img/Abstract_Brushstroke_Sweater/img_00000019.jpg,deepfashion-acfb834d68d68e1d,deepfashion_actual_images,non_commercial_research_only_deepfashion,sweater,Abstract Brushstroke Sweater,,DeepFashion sweater: Abstract Brushstroke Sweater.,
deepfashion_category/img/Abstract_Brushstroke_Sweater/img_00000020.jpg,deepfashion-53546a8a77b5a350,deepfashion_actual_images,non_commercial_research_only_deepfashion,sweater,Abstract Brushstroke Sweater,,DeepFashion sweater: Abstract Brushstroke Sweater.,
deepfashion_category/img/Abstract_Brushstroke_Sweater/img_00000021.jpg,deepfashion-59d3c62c52beea29,deepfashion_actual_images,non_commercial_research_only_deepfashion,sweater,Abstract Brushstroke Sweater,,DeepFashion sweater: Abstract Brushstroke Sweater.,
deepfashion_category/img/Abstract_Brushstroke_Sweater/img_00000022.jpg,deepfashion-977b6bc363fb4268,deepfashion_actual_images,non_commercial_research_only_deepfashion,sweater,Abstract Brushstroke Sweater,,DeepFashion sweater: Abstract Brushstroke Sweater.,
deepfashion_category/img/Abstract_Brushstroke_Sweater/img_00000023.jpg,deepfashion-4749ccdcec70196b,deepfashion_actual_images,non_commercial_research_only_deepfashion,sweater,Abstract Brushstroke Sweater,,DeepFashion sweater: Abstract Brushstroke Sweater.,
deepfashion_category/img/Abstract_Brushstroke_Sweater/img_00000024.jpg,deepfashion-7e9896e12dbde156,deepfashion_actual_images,non_commercial_research_only_deepfashion,sweater,Abstract Brushstroke Sweater,,DeepFashion sweater: Abstract Brushstroke Sweater.,
deepfashion_category/img/Abstract_Brushstroke_Sweater/img_00000025.jpg,deepfashion-f97f1dd7c4f1b953,deepfashion_actual_images,non_commercial_research_only_deepfashion,sweater,Abstract Brushstroke Sweater,,DeepFashion sweater: Abstract Brushstroke Sweater.,
deepfashion_category/img/Abstract_Brushstroke_Sweater/img_00000026.jpg,deepfashion-052fd6ce26cf158f,deepfashion_actual_images,non_commercial_research_only_deepfashion,sweater,Abstract Brushstroke Sweater,,DeepFashion sweater: Abstract Brushstroke Sweater.,
deepfashion_category/img/Abstract_Brushstroke_Sweater/img_00000027.jpg,deepfashion-a1ce2ee75e266f1b,deepfashion_actual_images,non_commercial_research_only_deepfashion,sweater,Abstract Brushstroke Sweater,,DeepFashion sweater: Abstract Brushstroke Sweater.,
deepfashion_category/img/Abstract_Brushstroke_Sweater/img_00000028.jpg,deepfashion-495dfa8b7bba570e,deepfashion_actual_images,non_commercial_research_only_deepfashion,sweater,Abstract Brushstroke Sweater,,DeepFashion sweater: Abstract Brushstroke Sweater.,
deepfashion_category/img/Abstract_Brushstroke_Sweater/img_00000029.jpg,deepfashion-60a3eddc5f661d5f,deepfashion_actual_images,non_commercial_research_only_deepfashion,sweater,Abstract Brushstroke Sweater,,DeepFashion sweater: Abstract Brushstroke Sweater.,
deepfashion_category/img/Abstract_Brushstroke_Sweater/img_00000030.jpg,deepfashion-e9b0392a5d74cc8a,deepfashion_actual_images,non_commercial_research_only_deepfashion,sweater,Abstract Brushstroke Sweater,,DeepFashion sweater: Abstract Brushstroke Sweater.,
deepfashion_category/img/Abstract_Brushstroke_Sweater/img_00000031.jpg,deepfashion-dbe7e4ab17d519c5,deepfashion_actual_images,non_commercial_research_only_deepfashion,sweater,Abstract Brushstroke Sweater,,DeepFashion sweater: Abstract Brushstroke Sweater.,
deepfashion_category/img/Abstract_Brushstroke_Sweater/img_00000032.jpg,deepfashion-a44c2be7ea0798a8,deepfashion_actual_images,non_commercial_research_only_deepfashion,sweater,Abstract Brushstroke Sweater,,DeepFashion sweater: Abstract Brushstroke Sweater.,
deepfashion_category/img/Abstract_Brushstroke_Sweater/img_00000033.jpg,deepfashion-907e252856bcb900,deepfashion_actual_images,non_commercial_research_only_deepfashion,sweater,Abstract Brushstroke Sweater,,DeepFashion sweater: Abstract Brushstroke Sweater.,
deepfashion_category/img/Abstract_Brushstroke_Sweater/img_00000034.jpg,deepfashion-6ea0db18615ba19f,deepfashion_actual_images,non_commercial_research_only_deepfashion,sweater,Abstract Brushstroke Sweater,,DeepFashion sweater: Abstract Brushstroke Sweater.,
deepfashion_category/img/Abstract_Brushstroke_Sweater/img_00000035.jpg,deepfashion-4a9336d981dba73e,deepfashion_actual_images,non_commercial_research_only_deepfashion,sweater,Abstract Brushstroke Sweater,,DeepFashion sweater: Abstract Brushstroke Sweater.,
deepfashion_category/img/Abstract_Brushstroke_Sweater/img_00000036.jpg,deepfashion-bb2a5a331a3d86a0,deepfashion_actual_images,non_commercial_research_only_deepfashion,sweater,Abstract Brushstroke Sweater,,DeepFashion sweater: Abstract Brushstroke Sweater.,
deepfashion_category/img/Abstract_Brushstroke_Sweater/img_00000037.jpg,deepfashion-dedc06ea0f7b373d,deepfashion_actual_images,non_commercial_research_only_deepfashion,sweater,Abstract Brushstroke Sweater,,DeepFashion sweater: Abstract Brushstroke Sweater.,
deepfashion_category/img/Abstract_Brushstroke_Sweater/img_00000038.jpg,deepfashion-a92bc5a5806b3417,deepfashion_actual_images,non_commercial_research_only_deepfashion,sweater,Abstract Brushstroke Sweater,,DeepFashion sweater: Abstract Brushstroke Sweater.,
deepfashion_category/img/Abstract_Buttoned_Top/img_00000001.jpg,deepfashion-7ea46f55f4181789,deepfashion_actual_images,non_commercial_research_only_deepfashion,top,Abstract Buttoned Top,,DeepFashion top: Abstract Buttoned Top.,
deepfashion_category/img/Abstract_Buttoned_Top/img_00000002.jpg,deepfashion-90aa3b2a813fc06c,deepfashion_actual_images,non_commercial_research_only_deepfashion,top,Abstract Buttoned Top,,DeepFashion top: Abstract Buttoned Top.,
deepfashion_category/img/Abstract_Buttoned_Top/img_00000003.jpg,deepfashion-cc13637b62172940,deepfashion_actual_images,non_commercial_research_only_deepfashion,top,Abstract Buttoned Top,,DeepFashion top: Abstract Buttoned Top.,
deepfashion_category/img/Abstract_Buttoned_Top/img_00000004.jpg,deepfashion-b34353d9f90c4ec0,deepfashion_actual_images,non_commercial_research_only_deepfashion,top,Abstract Buttoned Top,,DeepFashion top: Abstract Buttoned Top.,
deepfashion_category/img/Abstract_Buttoned_Top/img_00000005.jpg,deepfashion-75be3d26161f5de3,deepfashion_actual_images,non_commercial_research_only_deepfashion,top,Abstract Buttoned Top,,DeepFashion top: Abstract Buttoned Top.,
deepfashion_category/img/Abstract_Buttoned_Top/img_00000006.jpg,deepfashion-092d5e9c1787c426,deepfashion_actual_images,non_commercial_research_only_deepfashion,top,Abstract Buttoned Top,,DeepFashion top: Abstract Buttoned Top.,
deepfashion_category/img/Abstract_Buttoned_Top/img_00000007.jpg,deepfashion-52ddac955bc6ed31,deepfashion_actual_images,non_commercial_research_only_deepfashion,top,Abstract Buttoned Top,,DeepFashion top: Abstract Buttoned Top.,
deepfashion_category/img/Abstract_Buttoned_Top/img_00000008.jpg,deepfashion-9ad069eedabdd32b,deepfashion_actual_images,non_commercial_research_only_deepfashion,top,Abstract Buttoned Top,,DeepFashion top: Abstract Buttoned Top.,
deepfashion_category/img/Abstract_Buttoned_Top/img_00000009.jpg,deepfashion-ae5f72fbed92edf6,deepfashion_actual_images,non_commercial_research_only_deepfashion,top,Abstract Buttoned Top,,DeepFashion top: Abstract Buttoned Top.,
deepfashion_category/img/Abstract_Buttoned_Top/img_00000010.jpg,deepfashion-c133625c049fcf60,deepfashion_actual_images,non_commercial_research_only_deepfashion,top,Abstract Buttoned Top,,DeepFashion top: Abstract Buttoned Top.,
deepfashion_category/img/Abstract_Buttoned_Top/img_00000011.jpg,deepfashion-e8668ab20613b636,deepfashion_actual_images,non_commercial_research_only_deepfashion,top,Abstract Buttoned Top,,DeepFashion top: Abstract Buttoned Top.,
